Date,Symbol,Series,Prev Close,Open,High,Low,Last,Close,VWAP,Volume,Turnover,Trades,Deliverable Volume,%Deliverble
2016-01-01,IBWSL,EQ,9.0,9.0,9.95,8.8,9.85,9.75,9.31,305071,284045110000.0,695,197850,0.6485
2016-01-04,IBWSL,EQ,9.75,9.75,10.15,7.8,9.7,9.7,9.51,440595,419144805000.0,1190,281748,0.6395000000000001
2016-01-05,IBWSL,EQ,9.7,9.55,11.15,9.55,10.95,10.9,10.55,702941,741832715000.0,1414,483817,0.6883
2016-01-06,IBWSL,EQ,10.9,10.95,13.05,10.95,13.05,13.05,12.58,1612212,2028278525000.0,2167,959413,0.5951
2016-01-07,IBWSL,EQ,13.05,14.35,14.35,13.95,14.35,14.35,14.34,2583753,3704252675000.0,1032,1170545,0.45299999999999996
2016-01-08,IBWSL,EQ,14.35,14.7,15.75,13.4,15.75,15.75,14.94,3511690,5245982140000.0,7134,1553494,0.4424
2016-01-11,IBWSL,EQ,15.75,16.45,17.3,15.75,17.3,17.3,16.95,2667028,4521702215000.0,5826,1166987,0.4376
2016-01-12,IBWSL,EQ,17.3,17.75,18.15,16.45,16.45,16.45,17.44,1908869,3328335580000.0,4151,961762,0.5038
2016-01-13,IBWSL,EQ,16.45,15.9,16.4,15.65,15.65,15.65,15.8,671776,1061620105000.0001,1259,461571,0.6870999999999999
2016-01-14,IBWSL,EQ,15.65,14.9,15.3,14.9,14.9,14.9,14.95,654044,977974025000.0,886,434029,0.6636
2016-01-15,IBWSL,EQ,14.9,14.2,14.6,14.2,14.2,14.2,14.24,523369,745300160000.0,499,409203,0.7819
2016-01-18,IBWSL,EQ,14.2,13.55,13.55,13.5,13.5,13.5,13.51,46813,63247555000.00001,72,46811,1.0
2016-01-19,IBWSL,EQ,13.5,12.85,13.7,12.85,12.9,12.9,12.97,769951,998328810000.0,1624,503563,0.654
2016-01-20,IBWSL,EQ,12.9,12.8,12.85,12.3,12.3,12.3,12.38,146501,181348035000.0,367,102686,0.7009000000000001
2016-01-21,IBWSL,EQ,12.3,12.25,12.65,11.7,11.7,11.7,11.92,340812,406356970000.0,928,212941,0.6248
2016-01-22,IBWSL,EQ,11.7,12.0,12.25,11.6,12.2,12.2,12.22,506918,619233960000.0,688,276118,0.5447
2016-01-25,IBWSL,EQ,12.2,12.8,12.8,12.8,12.8,12.8,12.8,39443,50487040000.0,52,39443,1.0
2016-01-27,IBWSL,EQ,12.8,13.4,13.4,13.4,13.4,13.4,13.4,16197,21703980000.0,43,16197,1.0
2016-01-28,IBWSL,EQ,13.4,14.05,14.05,14.05,14.05,14.05,14.05,27384,38474520000.0,60,27384,1.0
2016-01-29,IBWSL,EQ,14.05,14.75,14.75,14.1,14.75,14.75,14.72,1568999,2310338070000.0,1014,670710,0.4275
2016-02-01,IBWSL,EQ,14.75,14.8,15.4,14.1,15.0,14.95,14.72,591194,870451530000.0001,1573,347722,0.5882000000000001
2016-02-02,IBWSL,EQ,14.95,14.95,15.65,14.55,15.05,15.15,15.27,691649,1056443405000.0001,1618,366658,0.5301
2016-02-03,IBWSL,EQ,15.15,15.15,15.2,14.4,14.4,14.45,14.77,334935,494633675000.0,1108,216988,0.6479
2016-02-04,IBWSL,EQ,14.45,15.0,15.0,13.9,13.9,14.05,14.41,257363,370971650000.0,882,158425,0.6156
2016-02-05,IBWSL,EQ,14.05,13.6,14.4,13.55,14.3,14.2,13.83,163516,226165700000.0,623,97905,0.5987
2016-02-08,IBWSL,EQ,14.2,14.3,14.65,13.85,13.85,14.0,14.24,78568,111905470000.0,261,57035,0.7259000000000001
2016-02-09,IBWSL,EQ,14.0,13.8,14.15,13.5,13.9,13.75,13.77,129911,178908005000.0,360,82764,0.6371
2016-02-10,IBWSL,EQ,13.75,13.5,13.75,13.1,13.4,13.25,13.31,92421,123057410000.00002,288,58275,0.6305
2016-02-11,IBWSL,EQ,13.25,13.05,13.2,12.6,12.6,12.6,12.73,150849,191956115000.0,302,126392,0.8379000000000001
2016-02-12,IBWSL,EQ,12.6,12.45,12.45,12.0,12.0,12.0,12.0,30127,36167400000.0,70,29461,0.9779000000000001
2016-02-15,IBWSL,EQ,12.0,12.55,12.6,11.7,12.6,12.6,12.59,99701,125493300000.0,158,98790,0.9909
2016-02-16,IBWSL,EQ,12.6,13.0,13.0,12.0,12.0,12.0,12.24,129073,157994800000.0,371,102544,0.7945000000000001
2016-02-17,IBWSL,EQ,12.0,11.8,12.3,11.4,12.1,11.5,11.47,257451,295241765000.0,444,208264,0.8089000000000001
2016-02-18,IBWSL,EQ,11.5,12.05,12.05,11.7,12.05,11.95,11.97,81382,97427185000.0,305,48502,0.596
2016-02-19,IBWSL,EQ,11.95,12.4,12.5,11.6,12.5,12.45,12.31,84774,104341770000.0,357,59033,0.6964
2016-02-22,IBWSL,EQ,12.45,12.25,13.05,12.25,13.05,13.05,12.91,72684,93800320000.0,293,49346,0.6789000000000001
2016-02-23,IBWSL,EQ,13.05,13.15,13.2,12.65,12.9,13.0,12.94,101096,130843770000.0,245,77818,0.7697
2016-02-24,IBWSL,EQ,13.0,13.2,13.2,12.55,12.65,12.85,12.88,53797,69280225000.0,225,37463,0.6964
2016-02-25,IBWSL,EQ,12.85,13.0,13.0,12.4,12.45,12.6,12.85,43298,55652060000.0,237,31688,0.7319
2016-02-26,IBWSL,EQ,12.6,12.85,12.85,12.1,12.25,12.4,12.44,43951,54679590000.0,210,28957,0.6587999999999999
2016-02-29,IBWSL,EQ,12.4,12.2,12.5,11.85,12.4,12.35,12.17,54666,66502205000.00001,261,30644,0.5606
2016-03-01,IBWSL,EQ,12.35,12.05,12.8,12.05,12.65,12.65,12.56,107447,134928720000.0,279,88302,0.8218000000000001
2016-03-02,IBWSL,EQ,12.65,12.9,13.25,12.35,12.6,12.55,13.02,247404,322170170000.0,501,121721,0.49200000000000005
2016-03-03,IBWSL,EQ,12.55,12.7,13.15,12.25,13.15,13.05,12.68,122125,154901670000.0,579,92357,0.7562000000000001
2016-03-04,IBWSL,EQ,13.05,13.15,13.5,12.6,13.1,13.15,13.05,172644,225383810000.0,554,120905,0.7003
2016-03-08,IBWSL,EQ,13.15,13.15,13.45,12.7,13.0,13.15,13.04,99201,129325935000.00002,375,68613,0.6917
2016-03-09,IBWSL,EQ,13.15,12.95,13.45,12.7,13.25,13.35,13.09,128625,168427420000.0,465,93999,0.7308
2016-03-10,IBWSL,EQ,13.35,13.65,13.65,12.9,13.0,12.95,13.12,75184,98674660000.0,262,66613,0.886
2016-03-11,IBWSL,EQ,12.95,13.3,13.3,12.85,12.9,12.9,13.01,70422,91645265000.0,308,56330,0.7998999999999999
2016-03-14,IBWSL,EQ,12.9,13.3,13.35,12.65,13.25,13.2,13.11,64356,84380560000.0,205,56215,0.8734999999999999
2016-03-15,IBWSL,EQ,13.2,13.0,14.5,13.0,14.5,14.5,13.97,255408,356802465000.0,719,154938,0.6066
2016-03-16,IBWSL,EQ,14.5,14.9,15.1,13.4,14.4,14.75,14.17,300939,426295050000.0,1016,138032,0.4587
2016-03-17,IBWSL,EQ,14.75,14.25,15.0,13.8,13.8,14.0,14.28,153883,219735229999.99997,567,94745,0.6157
2016-03-18,IBWSL,EQ,14.0,13.6,14.5,13.6,14.1,14.2,14.23,88066,125286225000.0,365,55990,0.6358
2016-03-21,IBWSL,EQ,14.2,14.5,14.75,13.6,14.15,14.2,14.18,168604,239094195000.00003,522,112664,0.6681999999999999
2016-03-22,IBWSL,EQ,14.2,14.2,14.35,13.75,13.95,13.85,14.02,77874,109165280000.0,408,54977,0.706
2016-03-23,IBWSL,EQ,13.85,13.75,14.15,13.65,13.8,14.0,13.92,37281,51891360000.0,239,25866,0.6938
2016-03-28,IBWSL,EQ,14.0,13.8,14.35,13.35,13.7,13.65,13.74,64163,88171640000.0,336,39625,0.6176
2016-03-29,IBWSL,EQ,13.65,13.65,14.1,13.2,13.4,13.6,13.62,84447,114990289999.99998,642,56839,0.6731
2016-03-30,IBWSL,EQ,13.6,14.0,14.0,13.3,13.6,13.7,13.59,94788,128840189999.99998,370,70205,0.7406999999999999
2016-03-31,IBWSL,EQ,13.7,13.65,13.8,13.2,13.35,13.4,13.44,47193,63414955000.00001,189,31312,0.6635
2016-04-01,IBWSL,EQ,13.4,13.7,15.7,13.7,14.95,15.0,14.81,357222,529117105000.0,1345,209004,0.5851
2016-04-04,IBWSL,EQ,15.0,15.4,15.6,14.3,14.45,14.5,14.75,195227,288024620000.0,878,138170,0.7077
2016-04-05,IBWSL,EQ,14.5,14.85,15.1,13.85,14.1,14.05,14.28,146672,209466685000.0,671,68109,0.4644
2016-04-06,IBWSL,EQ,14.05,14.0,14.9,13.8,14.2,14.2,14.42,212880,306880650000.0,784,123349,0.5794
2016-04-07,IBWSL,EQ,14.2,14.55,14.55,13.9,14.0,13.95,14.13,81846,115647645000.0,292,68406,0.8358
2016-04-08,IBWSL,EQ,13.95,14.25,14.25,13.75,14.2,14.05,14.0,40415,56582990000.0,222,27360,0.677
2016-04-11,IBWSL,EQ,14.05,14.05,14.5,13.9,14.0,14.05,14.2,60059,85293190000.0,344,41319,0.688
2016-04-12,IBWSL,EQ,14.05,14.1,14.4,13.85,14.25,14.1,14.16,85771,121485995000.0,219,73853,0.861
2016-04-13,IBWSL,EQ,14.1,14.2,14.4,13.8,13.95,13.95,14.01,147824,207173280000.0,378,116878,0.7907
2016-04-18,IBWSL,EQ,13.95,13.8,13.95,13.45,13.55,13.55,13.64,121682,165995980000.0,366,89658,0.7368000000000001
2016-04-20,IBWSL,EQ,13.55,13.65,13.95,13.55,13.7,13.8,13.68,41147,56294490000.0,266,27789,0.6754000000000001
2016-04-21,IBWSL,EQ,13.8,13.8,14.05,13.65,13.85,13.75,13.84,140261,194141830000.0,279,118635,0.8458
2016-04-22,IBWSL,EQ,13.75,13.65,14.35,13.65,14.25,14.1,14.03,82436,115648425000.0,382,56535,0.6858
2016-04-25,IBWSL,EQ,14.1,14.2,14.25,13.8,14.05,14.0,13.96,67940,94876875000.0,235,54989,0.8094
2016-04-26,IBWSL,EQ,14.0,13.9,14.55,13.9,14.25,14.45,14.4,197188,283883590000.0,400,114416,0.5802
2016-04-27,IBWSL,EQ,14.45,14.5,16.0,14.4,15.35,15.25,15.49,458325,709919335000.0,1510,282350,0.616
2016-04-28,IBWSL,EQ,15.25,15.5,15.5,14.75,14.8,14.8,15.06,103821,156350210000.0,475,71916,0.6927
2016-04-29,IBWSL,EQ,14.8,14.7,15.05,14.5,14.9,14.85,14.86,88851,132035885000.00002,300,61107,0.6877
2016-05-02,IBWSL,EQ,14.85,14.95,15.0,14.4,15.0,14.9,14.82,69804,103450870000.0,231,59101,0.8467
2016-05-03,IBWSL,EQ,14.9,15.05,16.6,14.75,15.6,15.55,15.93,511456,814865315000.0,1659,251138,0.49100000000000005
2016-05-04,IBWSL,EQ,15.55,16.15,16.35,15.4,15.6,15.8,15.89,643247,1022194025000.0,2618,271638,0.42229999999999995
2016-05-05,IBWSL,EQ,15.8,15.9,16.55,15.75,16.2,16.0,16.21,301496,488714445000.0,1146,176881,0.5867
2016-05-06,IBWSL,EQ,16.0,15.9,17.0,15.5,16.85,16.6,16.44,723279,1188774640000.0,1864,436226,0.6031000000000001
2016-05-09,IBWSL,EQ,16.6,19.35,19.9,19.35,19.9,19.9,19.78,839192,1660279430000.0,687,717283,0.8547
2016-05-10,IBWSL,EQ,19.9,22.0,23.8,21.5,21.7,21.9,22.76,4866949,11075805530000.0,10214,2080990,0.4276
2016-05-11,IBWSL,EQ,21.9,20.75,23.0,20.1,22.5,22.35,21.83,2062550,4503025345000.0,5379,838090,0.40630000000000005
2016-05-12,IBWSL,EQ,22.35,23.0,24.55,22.3,24.55,24.45,23.88,3281359,7837107490000.001,5570,1053319,0.321
2016-05-13,IBWSL,EQ,24.45,25.2,26.2,24.15,24.45,24.75,25.15,2376890,5978498620000.0,7573,1128530,0.4748
2016-05-16,IBWSL,EQ,24.75,24.85,25.7,23.35,25.0,25.05,24.63,1085131,2672267670000.0,3574,441963,0.4073
2016-05-17,IBWSL,EQ,25.05,25.5,27.4,24.9,26.5,26.4,26.43,1986771,5250187380000.0,6487,756521,0.38079999999999997
2016-05-18,IBWSL,EQ,26.4,26.35,29.0,26.2,29.0,29.0,28.49,3279847,9344987620000.0,6573,1268959,0.38689999999999997
2016-05-19,IBWSL,EQ,29.0,30.25,30.45,27.55,27.65,27.65,29.78,5376135,16008525969999.998,10458,1232883,0.2293
2016-05-20,IBWSL,EQ,27.65,26.7,27.35,26.3,26.3,26.3,26.44,723428,1913039389999.9998,1137,487492,0.6739
2016-05-23,IBWSL,EQ,26.3,25.0,25.0,25.0,25.0,25.0,25.0,73999,184997500000.0,140,73999,1.0
2016-05-24,IBWSL,EQ,25.0,23.75,23.75,23.75,23.75,23.75,23.75,30529,72506375000.0,91,30529,1.0
2016-05-25,IBWSL,EQ,23.75,23.1,24.9,22.8,24.9,24.9,24.03,1955240,4697909545000.0,5086,838934,0.4291
2016-05-26,IBWSL,EQ,24.9,25.4,25.8,23.7,23.7,23.7,24.6,808378,1988817439999.9998,2846,473385,0.5856
2016-05-27,IBWSL,EQ,23.7,24.2,24.2,22.55,23.1,22.65,22.73,640037,1454624415000.0,1988,349902,0.5467000000000001
2016-05-30,IBWSL,EQ,22.65,22.65,23.25,21.6,22.0,22.1,22.23,394771,877683760000.0,1878,201368,0.5101
2016-05-31,IBWSL,EQ,22.1,22.0,22.35,21.1,21.25,21.4,21.65,205405,444714745000.0,1109,129743,0.6315999999999999
2016-06-01,IBWSL,EQ,21.4,21.9,22.45,21.3,22.45,22.45,22.13,80501,178183430000.0,196,72941,0.9061
2016-06-02,IBWSL,EQ,22.45,23.4,23.55,22.7,23.55,23.55,23.4,657207,1537617530000.0,1576,226537,0.3447
2016-06-03,IBWSL,EQ,23.55,24.25,24.7,24.05,24.4,24.5,24.62,795168,1957765560000.0002,1479,390067,0.4905
2016-06-06,IBWSL,EQ,24.5,24.9,25.2,24.0,24.55,24.55,24.66,221404,545889220000.0,1023,127999,0.5781000000000001
2016-06-07,IBWSL,EQ,24.55,24.55,24.95,23.35,23.8,23.5,23.81,529222,1260247850000.0,1661,325938,0.6159
2016-06-08,IBWSL,EQ,23.5,23.6,24.65,23.35,24.65,24.65,24.4,495995,1210133370000.0,1369,212288,0.428
2016-06-09,IBWSL,EQ,24.65,24.5,25.2,23.75,23.85,24.05,24.14,343551,829290425000.0,1111,188515,0.5487
2016-06-10,IBWSL,EQ,24.05,24.05,24.3,23.5,23.7,23.6,23.78,218351,519285325000.0,1011,147419,0.6751
2016-06-13,IBWSL,EQ,23.6,22.45,24.4,22.45,22.7,22.9,23.04,765070,1762675460000.0002,1861,346488,0.4529
2016-06-14,IBWSL,EQ,22.9,23.2,23.6,22.75,23.0,23.05,23.17,282657,654864625000.0,860,184136,0.6514
2016-06-15,IBWSL,EQ,23.05,23.0,24.2,22.85,24.2,24.2,24.1,345802,833333315000.0,566,239933,0.6938
2016-06-16,IBWSL,EQ,24.2,25.0,25.0,23.15,23.5,23.6,24.0,330491,793223660000.0,1328,207347,0.6274000000000001
2016-06-17,IBWSL,EQ,23.6,23.7,24.3,23.05,23.25,23.45,23.7,219359,519847530000.0,1049,155559,0.7092
2016-06-20,IBWSL,EQ,23.45,23.0,24.6,22.8,24.6,24.6,24.39,623480,1520907035000.0,1643,303844,0.48729999999999996
2016-06-21,IBWSL,EQ,24.6,24.9,25.8,24.5,25.8,25.8,25.39,858444,2179494464999.9998,2095,483399,0.5631
2016-06-22,IBWSL,EQ,25.8,26.4,26.75,25.4,25.75,25.9,26.21,726713,1904785970000.0,1956,431360,0.5936
2016-06-23,IBWSL,EQ,25.9,25.95,26.1,24.65,24.65,24.7,24.97,278718,696032135000.0,970,162723,0.5838
2016-06-24,IBWSL,EQ,24.7,23.5,24.0,23.5,23.5,23.6,23.57,293485,691716575000.0,750,139628,0.4758
2016-06-27,IBWSL,EQ,23.6,23.5,23.95,22.65,22.9,22.8,23.33,497722,1161046940000.0,1857,311653,0.6262
2016-06-28,IBWSL,EQ,22.8,22.95,23.9,22.5,23.9,23.9,23.55,930703,2191637050000.0,2477,369543,0.3971
2016-06-29,IBWSL,EQ,23.9,24.8,25.05,24.05,24.85,24.75,24.9,1593962,3968276895000.0005,2224,562052,0.35259999999999997
2016-06-30,IBWSL,EQ,24.75,25.0,25.4,24.45,25.0,24.75,24.91,359642,895803330000.0001,1062,259606,0.7218000000000001
2016-07-01,IBWSL,EQ,24.75,25.0,27.2,24.6,27.2,27.2,27.01,2404503,6495205300000.0,4236,775774,0.3226
2016-07-04,IBWSL,EQ,27.2,28.15,29.9,28.1,29.9,29.9,29.35,1066109,3128991850000.0,2055,718504,0.6739
2016-07-05,IBWSL,EQ,29.9,31.0,32.85,29.8,32.65,32.8,32.26,3827226,12346678120000.0,9501,1348988,0.3525
2016-07-07,IBWSL,EQ,32.8,33.25,34.0,31.35,31.8,31.7,32.84,1392012,4571971440000.0,4420,738379,0.5304
2016-07-08,IBWSL,EQ,31.7,32.0,32.8,31.4,32.15,31.9,32.04,584817,1873553730000.0,2311,274769,0.4698
2016-07-11,IBWSL,EQ,31.9,32.5,33.1,31.1,31.5,31.4,31.94,301543,963174615000.0,1558,179394,0.5949
2016-07-12,IBWSL,EQ,31.4,32.1,32.1,29.85,29.85,29.85,30.32,813740,2467459340000.0,2457,447779,0.5503
2016-07-13,IBWSL,EQ,29.85,29.9,30.0,28.4,28.4,28.4,28.77,722203,2077584720000.0,1799,382264,0.5293
2016-07-14,IBWSL,EQ,28.4,27.0,29.3,27.0,28.3,28.4,27.78,3007673,8354271625000.0,6350,1097237,0.36479999999999996
2016-07-15,IBWSL,EQ,28.4,28.65,28.75,27.1,27.4,27.3,27.88,650570,1813655450000.0,2045,438088,0.6734
2016-07-18,IBWSL,EQ,27.3,27.5,28.15,26.8,27.2,26.9,27.48,530424,1457740655000.0,1364,346874,0.654
2016-07-19,IBWSL,EQ,26.9,27.5,27.5,26.7,27.45,27.35,27.12,203588,552064330000.0,671,125449,0.6162
2016-07-20,IBWSL,EQ,27.35,27.45,28.7,27.45,28.7,28.7,28.57,836042,2388506190000.0,1920,461168,0.5516
2016-07-21,IBWSL,EQ,28.7,29.25,29.4,27.55,27.9,27.8,28.4,570894,1621451285000.0,1743,354538,0.621
2016-07-22,IBWSL,EQ,27.8,28.0,28.2,27.4,28.0,27.8,27.78,240507,668166675000.0,893,146438,0.6089
2016-07-25,IBWSL,EQ,27.8,28.3,28.3,27.1,28.1,27.85,27.87,220586,614775465000.0,781,126774,0.5747
2016-07-26,IBWSL,EQ,27.85,28.45,28.45,27.4,27.85,27.75,27.79,213401,593059315000.0,786,128551,0.6024
2016-07-27,IBWSL,EQ,27.75,27.5,28.05,27.35,27.75,27.6,27.59,112613,310660370000.0,366,72199,0.6411
2016-07-28,IBWSL,EQ,27.6,27.6,28.5,27.4,28.25,28.15,28.13,188123,529187295000.0,805,102528,0.545
2016-07-29,IBWSL,EQ,28.15,28.15,28.9,27.8,28.4,28.4,28.23,206871,583905385000.0,799,158632,0.7668
2016-08-01,IBWSL,EQ,28.4,28.9,29.15,27.45,27.65,27.75,28.05,265591,745063785000.0,690,218254,0.8218000000000001
2016-08-02,IBWSL,EQ,27.75,27.5,28.15,26.4,26.4,26.4,26.99,209590,565729665000.0,660,170158,0.8119
2016-08-03,IBWSL,EQ,26.4,26.3,26.3,25.1,26.15,25.85,25.43,379274,964470135000.0,1379,228547,0.6026
2016-08-04,IBWSL,EQ,25.85,26.7,26.75,25.7,26.5,26.3,26.22,158172,414795870000.0,842,80953,0.5118
2016-08-05,IBWSL,EQ,26.3,26.9,28.9,26.9,28.9,28.9,28.52,266707,760726610000.0,981,195484,0.733
2016-08-08,IBWSL,EQ,28.9,30.0,31.0,28.4,29.3,29.15,29.77,555966,1655232430000.0,2005,283173,0.5093
2016-08-09,IBWSL,EQ,29.15,28.6,31.4,28.6,30.1,30.1,30.3,681741,2065559055000.0,3100,238182,0.3494
2016-08-10,IBWSL,EQ,30.1,30.5,30.75,28.15,28.65,28.85,29.15,353187,1029499544999.9999,1430,203938,0.5774
2016-08-11,IBWSL,EQ,28.85,28.95,30.9,27.0,29.75,30.0,29.25,543800,1590766585000.0,2233,271128,0.4986
2016-08-12,IBWSL,EQ,30.0,30.5,31.05,27.0,27.0,27.15,27.9,1027512,2866324290000.0,2403,626688,0.6099
2016-08-16,IBWSL,EQ,27.15,24.45,24.9,24.45,24.45,24.45,24.51,1100672,2697785120000.0,2176,709852,0.6448999999999999
2016-08-17,IBWSL,EQ,24.45,24.8,26.75,23.9,26.05,26.0,25.87,590699,1528229450000.0,2502,285172,0.4828
2016-08-18,IBWSL,EQ,26.0,26.9,27.7,26.1,26.15,26.35,26.78,288377,772395680000.0,1356,154876,0.5371
2016-08-19,IBWSL,EQ,26.35,26.5,27.0,25.05,26.25,25.85,26.0,239241,621957155000.0,1063,148151,0.6193
2016-08-22,IBWSL,EQ,25.85,26.45,26.45,24.1,25.3,25.65,25.24,219001,552835640000.0,1063,117058,0.5345000000000001
2016-08-23,IBWSL,EQ,25.65,25.3,25.95,24.8,25.55,25.7,25.51,135209,344902910000.0,682,69273,0.5123
2016-08-24,IBWSL,EQ,25.7,25.5,25.8,25.0,25.2,25.25,25.2,156926,395376770000.0,521,105489,0.6722
2016-08-25,IBWSL,EQ,25.25,25.4,25.9,25.1,25.3,25.35,25.37,113657,288389570000.0,569,77916,0.6855
2016-08-26,IBWSL,EQ,25.35,25.3,26.4,25.1,25.2,25.35,25.68,153672,394607725000.0,943,64246,0.4181
2016-08-29,IBWSL,EQ,25.35,25.55,25.8,25.0,25.15,25.1,25.18,75017,188869570000.0,307,58030,0.7736000000000001
2016-08-30,IBWSL,EQ,25.1,24.95,26.5,24.95,25.65,25.75,25.91,500937,1298117195000.0,1634,215082,0.4294
2016-08-31,IBWSL,EQ,25.75,25.9,26.15,25.3,25.4,25.65,25.71,286865,737489270000.0,889,209448,0.7301000000000001
2016-09-01,IBWSL,EQ,25.65,25.4,25.9,25.0,25.1,25.15,25.46,89562,228063420000.00003,461,55218,0.6165
2016-09-02,IBWSL,EQ,25.15,25.5,26.8,25.5,25.9,25.7,26.19,320079,838394560000.0,1022,137654,0.4301
2016-09-06,IBWSL,EQ,25.7,25.9,27.9,25.9,26.6,26.65,27.17,515705,1401403375000.0,1928,220831,0.4282
2016-09-07,IBWSL,EQ,26.65,27.1,27.2,25.8,25.8,26.0,26.31,165256,434786659999.99994,590,125116,0.7571
2016-09-08,IBWSL,EQ,26.0,26.0,26.85,25.8,26.45,26.4,26.25,167712,440325130000.0,694,103543,0.6174000000000001
2016-09-09,IBWSL,EQ,26.4,26.1,26.5,25.7,25.7,25.95,26.06,107217,279455170000.0,331,88948,0.8296
2016-09-12,IBWSL,EQ,25.95,25.2,26.4,24.95,25.6,25.35,25.51,291256,742976440000.0,980,201748,0.6927
2016-09-14,IBWSL,EQ,25.35,25.85,25.95,25.05,25.1,25.25,25.38,76163,193285255000.0,406,60690,0.7968000000000001
2016-09-15,IBWSL,EQ,25.25,25.6,25.95,25.3,25.4,25.45,25.62,92140,236019579999.99997,370,70719,0.7675000000000001
2016-09-16,IBWSL,EQ,25.45,25.6,26.6,25.45,25.65,25.65,25.88,196409,508248655000.0,759,111046,0.5654
2016-09-19,IBWSL,EQ,25.65,25.5,26.0,24.75,25.5,25.45,25.39,148721,377548490000.0,502,110536,0.7432
2016-09-20,IBWSL,EQ,25.45,25.45,25.95,25.25,25.5,25.45,25.45,95962,244214654999.99997,455,58686,0.6116
2016-09-21,IBWSL,EQ,25.45,25.5,25.7,25.1,25.25,25.15,25.33,56647,143477230000.0,225,44908,0.7928000000000001
2016-09-22,IBWSL,EQ,25.15,25.5,25.7,25.25,25.35,25.35,25.49,63820,162648950000.0,242,54551,0.8548
2016-09-23,IBWSL,EQ,25.35,25.4,25.5,24.65,25.5,25.05,25.1,174858,438815484999.99994,455,129508,0.7406
2016-09-26,IBWSL,EQ,25.05,25.05,25.2,24.6,25.0,24.9,24.92,113909,283880165000.0,533,72399,0.6356
2016-09-27,IBWSL,EQ,24.9,24.8,25.3,24.55,24.65,24.65,24.86,121162,301214065000.0,386,88515,0.7306
2016-09-28,IBWSL,EQ,24.65,24.65,25.1,24.25,24.55,24.6,24.66,98701,243349625000.0,484,53376,0.5408
2016-09-29,IBWSL,EQ,24.6,24.7,24.9,22.05,22.1,22.5,23.19,235494,546070920000.0,825,175467,0.7451000000000001
2016-09-30,IBWSL,EQ,22.5,21.55,24.2,20.05,23.1,23.35,22.92,276411,633624555000.0,881,150118,0.5431
2016-10-03,IBWSL,EQ,23.35,23.7,24.6,23.7,24.6,24.3,24.23,70763,171490220000.0,482,44624,0.6306
2016-10-04,IBWSL,EQ,24.3,24.5,24.8,23.65,24.0,24.0,24.22,213200,516334975000.0,574,165696,0.7772
2016-10-05,IBWSL,EQ,24.0,24.2,24.45,23.9,23.9,23.95,24.19,155190,375456590000.0,408,124798,0.8042
2016-10-06,IBWSL,EQ,23.95,24.2,24.3,23.2,23.75,23.45,23.75,126146,299542515000.0,460,80281,0.6364
2016-10-07,IBWSL,EQ,23.45,23.5,23.7,22.85,23.2,23.1,23.21,189895,440727159999.99994,680,149894,0.7894
2016-10-10,IBWSL,EQ,23.1,23.5,23.9,22.75,23.4,22.95,23.1,99239,229290029999.99997,397,60634,0.611
2016-10-13,IBWSL,EQ,22.95,23.3,23.3,22.2,22.5,22.35,22.52,86729,195282995000.0,316,77386,0.8923000000000001
2016-10-14,IBWSL,EQ,22.35,22.7,23.3,22.35,22.6,22.55,22.57,45749,103241070000.0,254,29178,0.6378
2016-10-17,IBWSL,EQ,22.55,22.5,23.6,22.1,22.5,22.45,22.73,119927,272593320000.00003,583,75450,0.6291
2016-10-18,IBWSL,EQ,22.45,22.8,23.75,22.7,23.1,23.3,23.33,138148,322308075000.0,592,72888,0.5276
2016-10-19,IBWSL,EQ,23.3,23.3,23.65,22.95,23.3,23.35,23.35,76205,177918005000.0,518,54085,0.7097
2016-10-20,IBWSL,EQ,23.35,23.45,25.0,23.4,23.75,23.85,24.11,118340,285282190000.0,699,55073,0.4654
2016-10-21,IBWSL,EQ,23.85,24.0,24.3,23.3,23.5,23.5,23.63,55043,130059405000.0,480,38710,0.7033
2016-10-24,IBWSL,EQ,23.5,23.75,24.3,23.4,23.8,23.5,23.81,79429,189090565000.0,323,52971,0.6668999999999999
2016-10-25,IBWSL,EQ,23.5,23.3,23.7,23.1,23.5,23.3,23.42,62515,146398245000.0,249,44323,0.7090000000000001
2016-10-26,IBWSL,EQ,23.3,23.5,24.4,23.1,23.65,23.8,23.79,133732,318144230000.0,412,85292,0.6378
2016-10-27,IBWSL,EQ,23.8,24.05,24.05,23.2,23.55,23.55,23.53,43632,102649160000.0,246,24563,0.563
2016-10-28,IBWSL,EQ,23.55,23.4,23.8,23.05,23.3,23.3,23.4,154361,361189860000.0,380,131642,0.8528
2016-10-30,IBWSL,EQ,23.3,25.9,26.9,24.2,25.5,25.15,25.33,323368,818945330000.0,1000,173109,0.5353
2016-11-01,IBWSL,EQ,25.15,25.55,26.05,25.0,25.65,25.5,25.48,275653,702376245000.0,1216,178118,0.6462000000000001
2016-11-02,IBWSL,EQ,25.5,24.7,27.4,24.65,26.5,26.55,26.28,571647,1502487255000.0,2354,317067,0.5547
2016-11-03,IBWSL,EQ,26.55,26.6,27.9,25.25,25.3,25.8,27.07,471114,1275367185000.0,1863,250544,0.5318
2016-11-04,IBWSL,EQ,25.8,25.5,26.35,24.0,24.15,24.3,24.91,188242,468965455000.0,647,127533,0.6775
2016-11-07,IBWSL,EQ,24.3,24.4,24.55,21.6,21.65,22.1,22.62,682343,1543602910000.0,2501,456466,0.669
2016-11-08,IBWSL,EQ,22.1,22.5,23.2,20.8,21.0,21.05,21.52,428587,922181700000.0,1587,272255,0.6352000000000001
2016-11-09,IBWSL,EQ,21.05,17.55,20.4,16.85,19.25,19.1,18.66,717317,1338848770000.0,1896,342015,0.4768
2016-11-10,IBWSL,EQ,19.1,20.0,20.8,19.3,19.65,19.5,20.14,261894,527533705000.0,1276,172733,0.6596
2016-11-11,IBWSL,EQ,19.5,19.5,19.9,19.0,19.55,19.45,19.39,116917,226644470000.00003,462,69599,0.5953
2016-11-15,IBWSL,EQ,19.45,19.05,19.5,16.7,17.4,17.6,17.86,337321,602557420000.0,930,242137,0.7178
2016-11-16,IBWSL,EQ,17.6,18.0,18.9,17.5,17.7,17.9,17.91,199787,357895160000.0,640,133507,0.6681999999999999
2016-11-17,IBWSL,EQ,17.9,17.65,18.6,17.4,17.6,17.75,17.98,202244,363597430000.0,579,148176,0.7327
2016-11-18,IBWSL,EQ,17.75,17.8,18.2,17.7,18.0,18.05,17.99,66339,119342905000.0,244,49029,0.7391
2016-11-21,IBWSL,EQ,18.05,18.2,18.25,17.5,18.0,17.95,17.89,116940,209147920000.0,351,90595,0.7747
2016-11-22,IBWSL,EQ,17.95,17.8,18.25,17.25,18.05,17.85,17.66,118209,208797050000.0,482,83691,0.708
2016-11-23,IBWSL,EQ,17.85,17.75,18.9,17.75,18.5,18.5,18.44,61756,113878910000.00002,363,34141,0.5528000000000001
2016-11-24,IBWSL,EQ,18.5,17.95,18.75,17.95,18.75,18.5,18.26,68785,125571795000.0,350,45354,0.6594
2016-11-25,IBWSL,EQ,18.5,18.55,19.35,18.5,18.9,18.9,18.83,96351,181421730000.0,433,65087,0.6755
2016-11-28,IBWSL,EQ,18.9,19.05,19.6,18.5,19.3,19.25,19.17,92595,177463930000.0,605,58216,0.6287
2016-11-29,IBWSL,EQ,19.25,19.6,21.4,19.6,20.5,20.45,20.63,366003,755212560000.0,1460,173981,0.4754
2016-11-30,IBWSL,EQ,20.45,20.5,20.85,20.2,20.45,20.55,20.53,60352,123889320000.0,492,41730,0.6914
2016-12-01,IBWSL,EQ,20.55,20.8,20.95,19.7,19.8,19.8,20.05,96715,193931170000.0,465,78811,0.8149
2016-12-02,IBWSL,EQ,19.8,19.6,19.9,19.1,19.3,19.35,19.41,47339,91900595000.0,340,32221,0.6806
2016-12-05,IBWSL,EQ,19.35,19.7,20.25,19.4,19.75,19.8,19.77,52157,103097470000.0,326,35759,0.6856
2016-12-06,IBWSL,EQ,19.8,20.1,20.2,19.5,19.7,19.7,19.89,74108,147375710000.0,318,60162,0.8118000000000001
2016-12-07,IBWSL,EQ,19.7,19.55,22.7,19.55,21.45,21.05,21.34,414344,884289740000.0,2146,225456,0.5441
2016-12-08,IBWSL,EQ,21.05,21.3,22.0,21.3,21.85,21.85,21.76,119207,259369395000.00003,909,96518,0.8097
2016-12-09,IBWSL,EQ,21.85,22.1,23.4,22.1,22.9,22.8,22.91,206163,472245040000.00006,1541,139964,0.6789000000000001
2016-12-12,IBWSL,EQ,22.8,22.8,23.5,21.7,22.9,22.7,22.62,85259,192843310000.0,556,61632,0.7229000000000001
2016-12-13,IBWSL,EQ,22.7,23.4,23.4,21.3,22.1,21.9,21.96,96746,212451545000.00003,694,59300,0.6129
2016-12-14,IBWSL,EQ,21.9,22.25,22.5,21.5,21.95,21.95,22.03,49839,109796970000.0,356,29173,0.5853
2016-12-15,IBWSL,EQ,21.95,22.0,22.35,21.0,21.8,22.0,21.88,62163,135985905000.0,376,38262,0.6154999999999999
2016-12-16,IBWSL,EQ,22.0,21.7,22.0,21.45,21.85,21.8,21.68,41210,89342025000.0,248,32973,0.8001
2016-12-19,IBWSL,EQ,21.8,21.85,21.95,21.1,21.45,21.5,21.58,25293,54588315000.0,148,22421,0.8865000000000001
2016-12-20,IBWSL,EQ,21.5,21.1,21.5,19.8,20.2,20.25,20.5,99698,204351340000.0,425,88254,0.8852
2016-12-21,IBWSL,EQ,20.25,20.2,21.0,19.8,20.7,20.5,20.53,75208,154402405000.0,287,60124,0.7994
2016-12-22,IBWSL,EQ,20.5,20.45,20.45,19.8,20.35,20.3,20.06,70370,141186145000.0,425,49430,0.7023999999999999
2016-12-23,IBWSL,EQ,20.3,20.2,20.7,19.9,20.3,20.15,20.36,81626,166182985000.0,446,56729,0.6950000000000001
2016-12-26,IBWSL,EQ,20.15,20.3,20.3,18.6,19.65,19.5,19.61,74889,146865465000.0,626,44536,0.5947
2016-12-27,IBWSL,EQ,19.5,19.65,20.15,19.05,19.75,19.9,19.66,42026,82602595000.0,273,23727,0.5646
2016-12-28,IBWSL,EQ,19.9,20.9,20.9,19.75,20.15,19.9,20.16,53094,107046105000.0,553,42256,0.7959
2016-12-29,IBWSL,EQ,19.9,19.9,20.45,19.5,19.85,19.95,19.96,48194,96215695000.0,272,30312,0.629
2016-12-30,IBWSL,EQ,19.95,19.95,20.25,19.7,19.8,20.1,20.0,52300,104600355000.0,346,35677,0.6822
2017-01-02,IBWSL,EQ,20.1,20.45,20.9,20.3,20.75,20.65,20.65,47680,98446475000.0,246,34503,0.7236
2017-01-03,IBWSL,EQ,20.65,20.7,21.6,20.45,21.35,21.3,21.27,74120,157629595000.0,440,51659,0.6970000000000001
2017-01-04,IBWSL,EQ,21.3,21.75,22.1,21.3,21.5,21.45,21.64,61765,133665505000.0,316,46990,0.7608
2017-01-05,IBWSL,EQ,21.45,21.85,21.85,20.85,21.05,21.2,21.29,42950,91426980000.0,240,29769,0.6931
2017-01-06,IBWSL,EQ,21.2,21.0,21.75,21.0,21.5,21.55,21.53,77427,166684505000.0,264,64856,0.8376000000000001
2017-01-09,IBWSL,EQ,21.55,21.4,22.95,21.05,22.9,22.8,22.35,149676,334452125000.0,826,116909,0.7811
2017-01-10,IBWSL,EQ,22.8,22.6,24.0,22.6,23.85,23.9,23.68,201356,476757750000.0,832,171350,0.851
2017-01-11,IBWSL,EQ,23.9,24.3,25.5,23.3,24.85,24.9,24.6,225910,555672835000.0,935,165511,0.7326
2017-01-12,IBWSL,EQ,24.9,24.9,25.6,24.5,25.4,25.35,25.07,149567,374906645000.0,530,114445,0.7652
2017-01-13,IBWSL,EQ,25.35,25.4,25.5,24.1,25.5,25.3,25.01,146348,366082235000.0,652,111795,0.7639
2017-01-16,IBWSL,EQ,25.3,25.8,26.0,24.75,25.35,25.55,25.55,131797,336688385000.0,738,100259,0.7606999999999999
2017-01-17,IBWSL,EQ,25.55,25.55,25.9,23.6,25.6,25.1,24.76,219800,544262190000.00006,1037,138978,0.6323
2017-01-18,IBWSL,EQ,25.1,25.0,25.8,24.45,24.65,24.7,24.84,45647,113367789999.99998,320,34813,0.7626999999999999
2017-01-19,IBWSL,EQ,24.7,24.9,25.3,23.95,24.0,24.1,24.41,76128,185841845000.0,340,52829,0.6939000000000001
2017-01-20,IBWSL,EQ,24.1,24.15,24.4,23.55,23.6,23.75,23.8,36149,86030745000.0,242,26172,0.7240000000000001
2017-01-23,IBWSL,EQ,23.75,23.5,25.5,23.5,25.4,25.25,24.89,102633,255412860000.0,678,67835,0.6609
2017-01-24,IBWSL,EQ,25.25,25.6,25.75,24.85,25.5,25.1,25.1,80100,201076350000.0,337,63499,0.7927
2017-01-25,IBWSL,EQ,25.1,25.1,25.4,24.65,25.05,25.0,25.02,127840,319861660000.0,323,111531,0.8724
2017-01-27,IBWSL,EQ,25.0,25.45,25.7,24.95,25.0,25.0,25.02,106320,266043854999.99997,335,98373,0.9253
2017-01-30,IBWSL,EQ,25.0,24.8,25.55,24.5,24.9,24.9,24.93,21723,54154065000.0,163,15515,0.7142000000000001
2017-01-31,IBWSL,EQ,24.9,24.65,24.85,23.95,24.45,24.3,24.41,72836,177809310000.0,302,53950,0.7406999999999999
2017-02-01,IBWSL,EQ,24.3,23.7,24.8,23.7,24.5,24.5,24.31,30612,74432015000.0,177,23255,0.7597
2017-02-02,IBWSL,EQ,24.5,24.75,24.75,23.9,24.2,24.15,24.28,59912,145494020000.0,301,43748,0.7302
2017-02-03,IBWSL,EQ,24.15,24.5,24.6,24.0,24.0,24.1,24.2,55513,134366950000.0,208,44297,0.798
2017-02-06,IBWSL,EQ,24.1,22.5,23.4,21.3,22.3,22.45,22.62,366573,829117395000.0,1416,273340,0.7456999999999999
2017-02-07,IBWSL,EQ,22.45,22.5,22.5,21.3,22.1,22.2,21.82,318417,694654140000.0,747,184753,0.5802
2017-02-08,IBWSL,EQ,22.2,22.2,25.5,22.2,24.7,24.8,24.44,1160059,2835586235000.0,3878,398404,0.34340000000000004
2017-02-09,IBWSL,EQ,24.8,25.2,25.2,23.55,24.0,24.0,24.14,276829,668137420000.0,802,212143,0.7663
2017-02-10,IBWSL,EQ,24.0,24.5,25.9,23.7,25.0,25.1,25.19,508885,1281900710000.0,1954,226250,0.4446
2017-02-13,IBWSL,EQ,25.1,24.55,25.25,24.4,25.0,24.95,24.8,138120,342493940000.0,421,102326,0.7408
2017-02-14,IBWSL,EQ,24.95,25.0,25.3,24.4,25.0,25.05,25.03,89818,224773554999.99997,273,78811,0.8775000000000001
2017-02-15,IBWSL,EQ,25.05,25.5,25.9,24.5,25.0,25.0,25.35,167615,424939520000.0,1058,96387,0.5750000000000001
2017-02-16,IBWSL,EQ,25.0,25.05,25.65,24.7,25.5,25.5,25.25,196478,496129320000.0,704,142168,0.7236
2017-02-17,IBWSL,EQ,25.5,26.7,27.0,25.05,25.25,25.2,25.85,358992,927881440000.0,2497,166171,0.4629
2017-02-20,IBWSL,EQ,25.2,25.2,25.95,25.1,25.3,25.35,25.51,104722,267155665000.0,630,71058,0.6785
2017-02-21,IBWSL,EQ,25.35,25.35,25.65,25.0,25.35,25.25,25.3,77915,197121340000.0,599,36385,0.467
2017-02-22,IBWSL,EQ,25.25,25.75,25.75,23.95,24.05,24.1,24.58,109125,268199800000.0,826,56308,0.516
2017-02-23,IBWSL,EQ,24.1,24.1,26.85,23.6,26.3,26.25,25.65,410492,1053113219999.9999,1751,215142,0.5241
2017-02-27,IBWSL,EQ,26.25,26.25,30.85,26.15,29.8,29.6,29.28,2151735,6300705300000.0,7610,829859,0.3857
2017-02-28,IBWSL,EQ,29.6,29.8,30.65,28.6,28.75,28.9,29.62,595267,1763313670000.0,2488,333180,0.5597
2017-03-01,IBWSL,EQ,28.9,28.95,29.7,28.1,28.3,28.2,28.5,207599,591588980000.0,930,97477,0.46950000000000003
2017-03-02,IBWSL,EQ,28.2,28.45,29.4,26.7,27.25,26.95,27.57,279175,769670935000.0,1290,126007,0.4514
2017-03-03,IBWSL,EQ,26.95,27.45,27.65,26.1,27.1,27.2,26.88,155994,419272250000.0,808,71766,0.4601
2017-03-06,IBWSL,EQ,27.2,27.1,27.5,26.3,26.7,26.75,26.84,129088,346409155000.0,715,71793,0.5562
2017-03-07,IBWSL,EQ,26.75,26.6,26.9,25.75,26.05,26.05,26.27,87741,230455679999.99997,511,51402,0.5858
2017-03-08,IBWSL,EQ,26.05,26.05,26.4,24.7,25.5,25.6,25.45,136438,347230295000.0,744,90344,0.6622
2017-03-09,IBWSL,EQ,25.6,25.2,26.5,25.05,25.4,25.5,25.69,75869,194929735000.0,439,37958,0.5003
2017-03-10,IBWSL,EQ,25.5,25.8,26.15,25.35,25.45,25.5,25.64,56977,146112835000.0,244,39366,0.6909000000000001
2017-03-14,IBWSL,EQ,25.5,26.0,27.7,25.7,27.15,27.05,26.91,347838,936106175000.0,1295,173667,0.4993
2017-03-15,IBWSL,EQ,27.05,27.65,29.9,27.6,29.0,28.85,29.06,778273,2261367690000.0,3186,356051,0.4575
2017-03-16,IBWSL,EQ,28.85,29.0,29.9,27.35,29.05,28.75,29.3,379258,1111402745000.0,1393,141518,0.37310000000000004
2017-03-17,IBWSL,EQ,28.75,29.0,32.9,28.8,31.9,31.85,31.42,1479498,4649265535000.0,5274,588122,0.3975
2017-03-20,IBWSL,EQ,31.85,32.1,35.2,30.05,33.1,32.65,33.12,2912435,9644882825000.0,9830,812579,0.27899999999999997
2017-03-21,IBWSL,EQ,32.65,32.75,33.35,31.05,31.9,32.1,31.98,709690,2269917060000.0,2935,325851,0.45909999999999995
2017-03-22,IBWSL,EQ,32.1,31.25,32.65,30.8,31.0,31.05,31.61,330981,1046080469999.9999,1576,137385,0.41509999999999997
2017-03-23,IBWSL,EQ,31.05,31.4,32.4,30.75,31.0,31.0,31.43,249174,783040855000.0,1105,116194,0.46630000000000005
2017-03-24,IBWSL,EQ,31.0,31.1,31.9,30.75,30.9,30.85,31.32,204703,641098125000.0,756,99191,0.48460000000000003
2017-03-27,IBWSL,EQ,30.85,30.9,31.1,30.05,30.2,30.25,30.49,194451,592949070000.0,813,121940,0.6271
2017-03-28,IBWSL,EQ,30.25,30.5,32.25,30.3,31.5,31.55,31.55,527045,1662750925000.0,2210,265866,0.5044
2017-03-29,IBWSL,EQ,31.55,32.15,32.3,30.6,31.0,30.95,31.49,281954,887842415000.0,981,187529,0.6651
2017-03-30,IBWSL,EQ,30.95,31.4,31.4,30.2,30.7,30.6,30.7,327660,1005962865000.0,1517,154408,0.4712
2017-03-31,IBWSL,EQ,30.6,30.55,33.65,30.55,33.3,33.2,33.01,935305,3087571625000.0,3533,414173,0.4428
2017-04-03,IBWSL,EQ,33.2,33.65,35.5,33.6,34.3,34.25,34.72,711453,2470441860000.0,2769,345794,0.48600000000000004
2017-04-05,IBWSL,EQ,34.25,34.5,34.9,33.7,34.05,34.0,34.37,312270,1073175810000.0,1119,196909,0.6306
2017-04-06,IBWSL,EQ,34.0,34.1,37.4,33.8,36.55,36.55,36.4,1142191,4157656029999.9995,4752,461450,0.40399999999999997
2017-04-07,IBWSL,EQ,36.55,36.05,39.0,35.65,37.5,37.4,38.1,1052362,4009824365000.0,4389,475239,0.4516
2017-04-10,IBWSL,EQ,37.4,38.35,39.0,35.7,36.4,36.65,37.03,714806,2646924265000.0,3097,302800,0.4236
2017-04-11,IBWSL,EQ,36.65,37.15,37.45,35.1,35.8,35.6,36.07,440251,1587793465000.0,1642,262428,0.5961
2017-04-12,IBWSL,EQ,35.6,35.35,36.7,33.85,34.9,34.8,34.74,518235,1800332770000.0,2083,226760,0.4376
2017-04-13,IBWSL,EQ,34.8,35.2,41.75,34.55,41.75,41.75,39.31,3291028,12937460355000.0,10269,1231017,0.3741
2017-04-17,IBWSL,EQ,41.75,44.9,50.1,44.2,50.1,50.1,48.41,4461624,21597561275000.0,13290,1301350,0.2917
2017-04-18,SORILHOLD,EQ,50.1,52.4,54.85,45.1,45.1,45.1,49.48,4038843,19982434090000.0,15259,1485400,0.3678
2017-04-19,SORILHOLD,EQ,45.1,41.75,44.3,40.6,40.6,40.6,41.85,2863854,11985275125000.0,11686,846865,0.2957
2017-04-20,SORILHOLD,EQ,40.6,39.75,44.4,39.6,41.7,41.6,42.32,1921096,8129536900000.0,9474,580264,0.302
2017-04-21,SORILHOLD,EQ,41.6,41.95,43.2,38.1,39.75,39.75,40.04,963152,3856559545000.0005,4990,372268,0.3865
2017-04-24,SORILHOLD,EQ,39.75,39.35,41.7,39.1,40.05,40.05,41.06,1438755,5907358170000.0,4844,351206,0.2441
2017-04-25,SORILHOLD,EQ,40.05,40.55,40.95,38.05,38.05,38.05,39.0,705986,2753277545000.0,3157,349869,0.49560000000000004
2017-04-26,SORILHOLD,EQ,38.05,37.55,38.45,36.15,36.15,36.15,36.74,770124,2829225580000.0,2357,326289,0.42369999999999997
2017-04-27,SORILHOLD,EQ,36.15,35.2,35.35,34.35,34.35,34.5,34.65,905381,3137063225000.0,2735,281025,0.3104
2017-04-28,SORILHOLD,EQ,34.5,34.25,36.2,34.25,36.2,36.2,35.99,817122,2940774230000.0,1673,304481,0.3726
2017-05-02,SORILHOLD,EQ,36.2,37.2,38.0,37.2,38.0,38.0,37.91,770506,2921173000000.0,1547,309323,0.40149999999999997
2017-05-03,SORILHOLD,EQ,38.0,39.4,39.9,36.8,37.75,37.55,38.88,756279,2940268585000.0,3177,324775,0.4294
2017-05-04,SORILHOLD,EQ,37.55,38.0,38.5,36.5,36.75,36.75,37.29,266836,995055025000.0,1114,99449,0.37270000000000003
2017-05-05,SORILHOLD,EQ,36.75,37.95,37.95,35.3,35.7,35.6,36.39,169634,617345720000.0,856,98493,0.5806
2017-05-08,SORILHOLD,EQ,35.6,35.9,37.35,35.05,37.35,37.35,36.79,148091,544830134999.99994,545,118739,0.8018000000000001
2017-05-09,SORILHOLD,EQ,37.35,38.3,39.2,37.05,37.5,37.5,38.5,1221129,4701500250000.0,4850,369608,0.3027
2017-05-10,SORILHOLD,EQ,37.5,38.0,38.0,36.55,37.05,36.95,37.25,407783,1518904595000.0,1920,156095,0.38280000000000003
2017-05-11,SORILHOLD,EQ,36.95,37.15,37.5,35.35,36.65,36.55,36.55,199783,730300890000.0,1017,100841,0.5048
2017-05-12,SORILHOLD,EQ,36.55,37.0,37.0,35.5,35.5,35.7,36.07,326859,1178946740000.0,1591,163141,0.4991
2017-05-15,SORILHOLD,EQ,35.7,35.95,37.1,35.35,36.35,36.2,36.47,267537,975633315000.0,1702,119957,0.4484
2017-05-16,SORILHOLD,EQ,36.2,36.5,36.6,34.7,35.05,34.95,35.43,342335,1212798595000.0,1586,208042,0.6077
2017-05-17,SORILHOLD,EQ,34.95,35.1,36.0,34.5,34.9,34.85,35.14,303925,1067962975000.0,1595,124276,0.40890000000000004
2017-05-18,SORILHOLD,EQ,34.85,34.15,35.4,33.6,33.75,33.85,34.28,170389,584028625000.0,1077,83640,0.49090000000000006
2017-05-19,SORILHOLD,EQ,33.85,34.2,34.55,32.35,32.85,33.1,33.35,209205,697678420000.0,978,103436,0.4944
2017-05-22,SORILHOLD,EQ,33.1,33.05,34.0,33.0,33.15,33.15,33.44,102425,342478005000.0,776,61902,0.6043999999999999
2017-05-23,SORILHOLD,EQ,33.15,32.6,33.05,31.65,32.0,32.0,32.14,245471,789048135000.0,973,155846,0.6349
2017-05-24,SORILHOLD,EQ,32.0,32.0,32.2,30.4,30.7,30.55,30.95,212458,657558860000.0,808,105172,0.495
2017-05-25,SORILHOLD,EQ,30.55,31.7,32.05,29.75,32.05,32.05,31.61,395035,1248798710000.0,1070,175061,0.44320000000000004
2017-05-26,SORILHOLD,EQ,32.05,33.25,33.65,32.15,33.65,33.65,33.15,208628,691513020000.0,721,124561,0.5970000000000001
2017-05-29,SORILHOLD,EQ,33.65,34.0,35.3,32.6,34.6,34.6,34.76,549407,1910008500000.0,1897,236496,0.4305
2017-05-30,SORILHOLD,EQ,34.6,34.85,35.0,32.9,32.9,33.05,33.52,120962,405467400000.0,611,70290,0.5811000000000001
2017-05-31,SORILHOLD,EQ,33.05,33.2,33.7,32.3,32.85,32.5,33.16,96192,318948175000.0,633,46058,0.47880000000000006
2017-06-01,SORILHOLD,EQ,32.5,32.85,33.45,31.4,31.6,31.55,32.02,143536,459627845000.0,844,83996,0.5852
2017-06-02,SORILHOLD,EQ,31.55,32.05,32.25,31.1,31.55,31.5,31.68,91164,288824030000.0,528,48063,0.5272
2017-06-05,SORILHOLD,EQ,31.5,31.7,32.3,31.05,31.15,31.25,31.73,148320,470624925000.0,670,97569,0.6578
2017-06-06,SORILHOLD,EQ,31.25,31.5,31.7,30.5,30.7,30.8,31.09,134620,418533745000.0,610,74641,0.5545
2017-06-07,SORILHOLD,EQ,30.8,31.05,31.85,31.0,31.35,31.25,31.39,80949,254123279999.99997,472,36632,0.4525
2017-06-08,SORILHOLD,EQ,31.25,31.35,31.35,30.75,30.8,30.95,30.95,72924,225724770000.00003,318,49410,0.6776000000000001
2017-06-09,SORILHOLD,EQ,30.95,31.0,31.9,30.6,30.95,31.0,31.19,95905,299165655000.0,478,48671,0.5075000000000001
2017-06-12,SORILHOLD,EQ,31.0,31.0,31.1,30.6,30.8,30.95,30.89,42017,129800930000.0,253,23237,0.5529999999999999
2017-06-13,SORILHOLD,EQ,30.95,30.65,34.0,30.65,33.95,33.65,33.49,664616,2225731430000.0,2792,173671,0.2613
2017-06-14,SORILHOLD,EQ,33.65,34.0,37.0,33.5,37.0,37.0,36.56,1127199,4120782445000.0005,3070,359672,0.3191
2017-06-15,SORILHOLD,EQ,37.0,39.85,40.7,37.75,40.7,40.7,39.81,1472373,5860989070000.0,5352,543820,0.3693
2017-06-16,SORILHOLD,EQ,40.7,41.5,41.95,38.7,38.7,38.7,40.17,1044794,4196942085000.0,4551,581815,0.5569
2017-06-19,SORILHOLD,EQ,38.7,38.05,38.35,36.8,37.05,36.85,37.52,290203,1088934940000.0,1310,157790,0.5437
2017-06-20,SORILHOLD,EQ,36.85,37.35,38.65,36.25,38.4,38.3,38.02,332150,1262830685000.0,1825,145892,0.43920000000000003
2017-06-21,SORILHOLD,EQ,38.3,38.2,40.2,38.0,40.2,40.2,40.05,596531,2388894200000.0,1610,287593,0.48210000000000003
2017-06-22,SORILHOLD,EQ,40.2,41.4,42.2,38.2,41.2,40.6,41.62,1622204,6752213825000.0,3422,629686,0.3882
2017-06-23,SORILHOLD,EQ,40.6,41.4,41.75,38.6,39.4,39.15,39.64,568624,2254195135000.0,2496,291422,0.5125
2017-06-27,SORILHOLD,EQ,39.15,40.0,40.0,37.2,37.25,37.25,38.2,254403,971920915000.0,1410,131090,0.5153
2017-06-28,SORILHOLD,EQ,37.25,37.1,39.1,36.25,38.3,38.35,38.35,428437,1642874765000.0,2224,130414,0.3044
2017-06-29,SORILHOLD,EQ,38.35,38.0,39.8,38.0,38.5,38.45,38.76,229360,888946505000.0001,1092,103735,0.4523
2017-06-30,SORILHOLD,EQ,38.45,38.9,38.9,37.05,37.3,37.35,37.59,174524,655987365000.0,853,108623,0.6224000000000001
2017-07-03,SORILHOLD,EQ,37.35,37.1,39.2,37.1,39.2,39.2,38.96,454361,1770335814999.9998,1325,151538,0.3335
2017-07-04,SORILHOLD,EQ,39.2,39.2,40.8,38.35,38.55,38.65,39.41,383806,1512702375000.0,1682,150520,0.3922
2017-07-05,SORILHOLD,EQ,38.65,38.6,39.95,38.35,38.9,39.0,39.21,201841,791452395000.0,1089,79294,0.3929
2017-07-06,SORILHOLD,EQ,39.0,38.8,39.45,38.05,38.3,38.3,38.66,127140,491509305000.0,747,80394,0.6323
2017-07-07,SORILHOLD,EQ,38.3,38.5,38.6,37.5,38.0,37.8,38.03,157641,599573120000.0,723,86997,0.5519
2017-07-10,SORILHOLD,EQ,37.8,38.1,38.1,37.1,37.35,37.5,37.71,30316,114314355000.0,222,18919,0.6241
2017-07-11,SORILHOLD,EQ,37.5,37.55,38.4,37.2,37.5,37.4,37.64,80467,302845050000.0,496,47792,0.5939
2017-07-12,SORILHOLD,EQ,37.4,37.65,37.75,36.8,37.35,37.05,37.3,108634,405154095000.0,464,72388,0.6663
2017-07-13,SORILHOLD,EQ,37.05,37.05,38.4,36.8,37.6,37.8,37.75,171100,645872175000.0,962,88731,0.5186
2017-07-14,SORILHOLD,EQ,37.8,37.55,38.0,36.95,37.3,37.2,37.38,97253,363485180000.0,669,51023,0.5246000000000001
2017-07-17,SORILHOLD,EQ,37.2,37.25,37.5,36.2,36.5,36.8,36.83,110503,406983230000.0,691,42155,0.3815
2017-07-18,SORILHOLD,EQ,36.8,36.35,36.95,36.05,36.9,36.8,36.71,75351,276638500000.0,468,38112,0.5058
2017-07-19,SORILHOLD,EQ,36.8,37.15,37.15,36.5,36.55,36.6,36.74,71735,263587450000.0,318,42487,0.5922999999999999
2017-07-20,SORILHOLD,EQ,36.6,36.25,36.85,36.1,36.3,36.25,36.31,94151,341894480000.0,407,51320,0.5451
2017-07-21,SORILHOLD,EQ,36.25,36.3,36.8,35.7,35.75,35.8,36.04,89795,323613495000.0,380,58790,0.6547
2017-07-24,SORILHOLD,EQ,35.8,36.0,37.55,35.0,37.55,37.5,37.14,482781,1793057185000.0002,1489,129440,0.2681
2017-07-25,SORILHOLD,EQ,37.5,37.95,38.9,37.1,38.2,38.4,38.28,262729,1005643625000.0,1171,146609,0.5579999999999999
2017-07-26,SORILHOLD,EQ,38.4,37.9,38.8,37.1,37.25,37.25,37.64,110755,416843960000.0,683,61291,0.5534
2017-07-27,SORILHOLD,EQ,37.25,37.35,37.8,36.25,36.3,36.4,36.99,98232,363401510000.0,602,51160,0.5208
2017-07-28,SORILHOLD,EQ,36.4,36.3,36.9,35.25,35.9,35.9,36.08,95086,343030905000.0,550,56927,0.5987
2017-07-31,SORILHOLD,EQ,35.9,36.0,36.8,35.1,35.6,35.55,35.85,109360,392052490000.0,582,57794,0.5285
2017-08-01,SORILHOLD,EQ,35.55,35.55,35.75,34.3,34.3,34.5,34.8,142887,497253625000.0,683,89465,0.6261
2017-08-02,SORILHOLD,EQ,34.5,34.5,36.2,34.2,36.2,36.15,35.9,283812,1018961585000.0,1021,122048,0.43
2017-08-03,SORILHOLD,EQ,36.15,36.15,36.2,34.4,35.0,34.65,35.13,123531,434004050000.0,564,75469,0.6109
2017-08-04,SORILHOLD,EQ,34.65,35.2,35.5,34.25,35.0,34.95,34.82,89857,312923825000.0,416,66213,0.7369
2017-08-07,SORILHOLD,EQ,34.95,36.0,37.9,35.6,36.45,36.3,36.29,155759,565184295000.0,695,77264,0.49600000000000005
2017-08-08,SORILHOLD,EQ,36.3,36.3,36.35,34.5,34.8,34.85,35.04,130673,457819780000.0,569,76149,0.5827
2017-08-09,SORILHOLD,EQ,34.85,34.5,34.7,32.75,33.0,32.95,33.73,160172,540236140000.00006,733,111992,0.6992
2017-08-10,SORILHOLD,EQ,32.95,32.95,33.1,29.7,29.8,29.8,31.16,313262,976051344999.9999,1190,178853,0.5709000000000001
2017-08-11,SORILHOLD,EQ,29.8,28.35,32.4,27.2,30.75,31.2,29.94,493145,1476447495000.0,1857,197238,0.4
2017-08-14,SORILHOLD,EQ,31.2,31.5,33.4,31.5,32.85,33.0,32.63,174024,567772380000.0,696,120351,0.6916
2017-08-16,SORILHOLD,EQ,33.0,33.5,34.8,33.5,34.05,34.1,34.21,116519,398629850000.0,599,68348,0.5866
2017-08-17,SORILHOLD,EQ,34.1,34.25,34.75,33.25,33.35,33.35,33.87,80795,273693035000.0,414,39051,0.4833
2017-08-18,SORILHOLD,EQ,33.35,33.35,33.35,32.0,32.5,32.55,32.52,76790,249715395000.00003,429,37127,0.48350000000000004
2017-08-21,SORILHOLD,EQ,32.55,32.6,32.8,30.75,31.0,31.3,31.94,78239,249928404999.99997,307,44876,0.5736
2017-08-22,SORILHOLD,EQ,31.3,31.5,31.8,30.65,31.2,31.05,31.25,88088,275248585000.0,387,46898,0.5324
2017-08-23,SORILHOLD,EQ,31.05,31.55,34.15,31.55,33.75,33.85,33.53,380142,1274729460000.0,1359,113619,0.2989
2017-08-24,SORILHOLD,EQ,33.85,34.2,34.8,31.7,32.0,32.0,32.8,154362,506280709999.99994,712,112051,0.7259000000000001
2017-08-28,SORILHOLD,EQ,32.0,32.1,32.7,31.35,31.6,31.65,31.96,221016,706339730000.0,943,119965,0.5428000000000001
2017-08-29,SORILHOLD,EQ,31.65,31.85,32.95,31.1,32.4,32.15,31.9,141322,450763709999.99994,612,91811,0.6497
2017-08-30,SORILHOLD,EQ,32.15,32.95,34.5,32.4,33.4,33.45,33.68,124582,419596950000.0,643,67476,0.5416
2017-08-31,SORILHOLD,EQ,33.45,33.2,34.05,33.05,33.25,33.5,33.6,37792,126986155000.0,319,19319,0.5112
2017-09-01,SORILHOLD,EQ,33.5,32.75,34.45,32.75,33.55,33.55,33.78,97255,328519605000.0,526,48983,0.5037
2017-09-04,SORILHOLD,EQ,33.55,33.85,34.45,31.55,32.7,32.65,32.73,80050,262037500000.0,463,38878,0.4857
2017-09-05,SORILHOLD,EQ,32.65,32.4,33.5,32.4,32.9,32.85,32.83,78230,256799104999.99997,445,36148,0.4621
2017-09-06,SORILHOLD,EQ,32.85,32.55,33.5,32.5,32.9,32.75,32.91,74959,246657704999.99997,355,51130,0.6820999999999999
2017-09-07,SORILHOLD,EQ,32.75,33.4,36.0,32.65,36.0,36.0,34.76,584748,2032632120000.0,1636,252373,0.4316
2017-09-08,SORILHOLD,EQ,36.0,36.95,39.6,36.95,39.6,39.6,39.32,941251,3701468800000.0,1730,410785,0.4364
2017-09-11,SORILHOLD,EQ,39.6,43.55,43.55,43.55,43.55,43.55,43.55,185716,808793180000.0,290,185700,0.9999
2017-09-12,SORILHOLD,EQ,43.55,45.7,45.7,45.7,45.7,45.7,45.7,68427,312711390000.0,179,68427,1.0
2017-09-13,SORILHOLD,EQ,45.7,47.95,47.95,47.95,47.95,47.95,47.95,108951,522420045000.0,166,108951,1.0
2017-09-14,SORILHOLD,EQ,47.95,50.3,50.3,47.0,50.3,50.3,50.17,2066336,10366849975000.0,3078,937862,0.4539
2017-09-15,SORILHOLD,EQ,50.3,52.8,52.8,52.8,52.8,52.8,52.8,634975,3352668000000.0,588,507423,0.7991
2017-09-18,SORILHOLD,EQ,52.8,55.4,55.4,55.4,55.4,55.4,55.4,115336,638961440000.0,128,115336,1.0
2017-09-19,SORILHOLD,EQ,55.4,58.15,58.15,58.15,58.15,58.15,58.15,81535,474126025000.0,140,81535,1.0
2017-09-20,SORILHOLD,EQ,58.15,61.05,61.05,61.05,61.05,61.05,61.05,59371,362459955000.0,137,59371,1.0
2017-09-21,SORILHOLD,EQ,61.05,64.1,64.1,58.0,64.1,64.1,62.55,4586309,28685091280000.0,11731,1824612,0.39780000000000004
2017-09-22,SORILHOLD,EQ,64.1,66.0,66.0,61.3,62.35,62.5,63.88,1644124,10502263245000.0,6931,865601,0.5265
2017-09-25,SORILHOLD,EQ,62.5,62.5,65.0,59.4,59.4,59.4,60.39,840046,5073026200000.0,3046,398443,0.4743
2017-09-26,SORILHOLD,EQ,59.4,56.65,57.75,56.45,56.45,56.45,56.69,176689,1001593569999.9999,649,141610,0.8015000000000001
2017-09-27,SORILHOLD,EQ,56.45,54.3,58.75,53.65,53.65,53.65,54.72,601911,3293401680000.0,2271,338705,0.5627000000000001
2018-02-07,SORILHOLD,EQ,204.55,209.0,214.75,209.0,214.75,214.55,214.65,252492,5419856680000.0,1002,97958,0.38799999999999996
2018-02-08,SORILHOLD,EQ,214.55,219.0,225.25,215.8,225.25,225.25,223.62,152636,3413241310000.0,1124,76299,0.4999
2018-02-09,SORILHOLD,EQ,225.25,214.0,236.5,214.0,236.5,236.5,226.29,219009,4955949105000.0,1645,115565,0.5277000000000001
2018-02-12,SORILHOLD,EQ,236.5,242.0,248.3,225.25,241.5,242.4,239.94,692084,16605957160000.0,3816,467235,0.6751
2018-02-14,SORILHOLD,EQ,242.4,244.0,254.5,243.1,254.5,254.5,250.61,590059,14787401180000.002,1574,525367,0.8904000000000001
2018-02-15,SORILHOLD,EQ,254.5,267.2,267.2,267.2,267.2,267.2,267.2,269675,7205716000000.0,442,267466,0.9918000000000001
2018-02-16,SORILHOLD,EQ,267.2,280.55,280.55,253.85,253.85,253.85,270.29,866720,23426868610000.0,4899,561782,0.6482
2018-02-19,SORILHOLD,EQ,253.85,244.45,259.95,241.2,252.2,247.95,244.63,237745,5816007245000.0,1864,140707,0.5918
2018-02-20,SORILHOLD,EQ,247.95,250.1,257.5,245.1,247.8,248.05,249.56,208415,5201276815000.0,1950,141630,0.6796
2018-02-21,SORILHOLD,EQ,248.05,243.2,254.8,237.9,239.2,240.1,246.34,97996,2414016560000.0,1434,56312,0.5746
2018-02-22,SORILHOLD,EQ,240.1,241.0,252.1,229.0,240.0,239.3,240.39,690303,16594046410000.0,3076,543303,0.7870999999999999
2018-02-23,SORILHOLD,EQ,239.3,245.0,245.0,234.0,238.2,237.9,239.81,81559,1955878625000.0,1250,42436,0.5203
2018-02-26,SORILHOLD,EQ,237.9,244.7,249.75,240.0,248.3,247.15,247.1,199521,4930233030000.0,2529,83784,0.41990000000000005
2018-02-27,SORILHOLD,EQ,247.15,247.15,254.9,240.1,240.1,241.1,245.47,94832,2327867170000.0,1470,50963,0.5374
2018-02-28,SORILHOLD,EQ,241.1,241.1,247.5,234.75,236.0,236.6,239.61,89819,2152165630000.0,1135,50762,0.5652
2018-03-01,SORILHOLD,EQ,236.6,243.0,243.0,230.0,232.15,231.45,233.87,104516,2444297330000.0,1126,68573,0.6561
2018-03-05,SORILHOLD,EQ,231.45,235.0,235.0,221.3,223.0,223.6,225.25,114343,2575619830000.0,1243,64217,0.5616
2018-03-06,SORILHOLD,EQ,223.6,223.5,229.7,215.0,216.0,216.9,222.27,109453,2432779890000.0,1221,73040,0.6673
2018-03-07,SORILHOLD,EQ,216.9,214.1,217.35,206.1,206.2,206.3,208.12,127331,2650056855000.0,1335,79656,0.6256
2018-03-08,SORILHOLD,EQ,206.3,215.0,215.0,196.0,206.25,209.3,203.44,170016,3458734620000.0005,1682,81089,0.4769
2018-03-09,SORILHOLD,EQ,209.3,210.1,217.0,201.0,211.0,207.2,207.65,87294,1812648864999.9998,1225,41812,0.479
2018-03-12,SORILHOLD,EQ,207.2,212.95,214.95,204.1,206.65,208.5,208.43,83944,1749655595000.0,1095,44292,0.5276
2018-03-13,SORILHOLD,EQ,208.5,206.05,214.8,204.7,212.7,209.5,208.63,236386,4931683345000.0,1701,60561,0.25620000000000004
2018-03-14,SORILHOLD,EQ,209.5,209.5,214.9,207.05,213.55,212.8,212.01,90447,1917549325000.0,833,29394,0.325
2018-03-15,SORILHOLD,EQ,212.8,212.8,223.4,210.0,223.4,223.4,216.88,299462,6494687855000.0,990,220179,0.7352
2018-03-16,SORILHOLD,EQ,223.4,217.0,231.25,215.2,218.0,218.05,223.43,165092,3688572965000.0,2053,78610,0.47619999999999996
2018-03-19,SORILHOLD,EQ,218.05,219.0,221.5,208.0,208.0,209.55,211.2,132079,2789562290000.0,1192,91105,0.6898000000000001
2018-03-20,SORILHOLD,EQ,209.55,204.0,216.85,204.0,216.8,213.4,210.35,76122,1601220190000.0,1038,47991,0.6304
2018-03-21,SORILHOLD,EQ,213.4,213.65,221.5,212.5,215.25,215.2,216.62,112839,2444280575000.0,1646,48701,0.4316
2018-03-22,SORILHOLD,EQ,215.2,214.8,218.15,209.0,214.0,212.05,212.23,41883,888903630000.0001,680,25493,0.6087
2018-03-23,SORILHOLD,EQ,212.05,207.0,208.95,201.45,204.9,203.85,204.51,169741,3471329654999.9995,1146,60833,0.35840000000000005
2018-03-26,SORILHOLD,EQ,203.85,202.2,208.95,195.1,207.1,207.8,202.93,203844,4136677340000.0,1583,81630,0.40049999999999997
2018-03-27,SORILHOLD,EQ,207.8,210.9,213.7,206.05,207.9,208.55,210.35,51992,1093635769999.9999,837,30871,0.5938
2018-03-28,SORILHOLD,EQ,208.55,208.55,208.55,200.5,202.9,201.5,203.0,99820,2026331420000.0,1021,65848,0.6597
2018-04-02,SORILHOLD,EQ,201.5,208.5,211.55,203.0,211.55,211.55,210.31,22207,467040075000.0,190,19652,0.8849
2018-04-03,SORILHOLD,EQ,211.55,222.1,222.1,220.15,222.1,222.1,222.09,82544,1833248020000.0,224,42759,0.518
2018-04-04,SORILHOLD,EQ,222.1,233.2,233.2,218.0,223.0,223.25,228.12,259367,5916552015000.0,2041,149906,0.578
2018-04-05,SORILHOLD,EQ,223.25,234.0,234.4,212.1,234.4,234.4,231.43,480548,11121306210000.0,3498,253361,0.5272
2018-04-06,SORILHOLD,EQ,234.4,241.0,244.4,226.0,234.5,236.45,237.62,403691,9592416140000.0,5084,175969,0.43590000000000007
2018-04-09,SORILHOLD,EQ,236.45,234.1,240.0,233.5,234.0,235.55,237.17,79826,1893209860000.0002,1186,47427,0.5941
2018-04-10,SORILHOLD,EQ,235.55,238.8,238.95,226.0,226.1,226.85,229.24,95555,2190535585000.0002,1639,44134,0.4619
2018-04-11,SORILHOLD,EQ,226.85,229.0,235.5,224.0,230.0,231.75,229.37,72693,1667369740000.0,1369,25338,0.3486
2018-04-12,SORILHOLD,EQ,231.75,231.9,231.9,223.0,223.1,224.35,226.26,85019,1923632285000.0002,1142,44362,0.5218
2018-04-13,SORILHOLD,EQ,224.35,230.0,246.75,226.6,246.75,246.75,239.74,350380,8400165750000.0,2768,231827,0.6616
2018-04-16,SORILHOLD,EQ,246.75,245.0,271.4,236.15,271.4,271.4,263.33,912399,24025751660000.0,10083,353233,0.3871
2018-04-17,SORILHOLD,EQ,271.4,277.1,298.5,266.1,296.65,293.95,287.84,1690511,48659550830000.0,19373,530220,0.3136
2018-04-18,SORILHOLD,EQ,293.95,296.95,308.6,295.65,306.95,305.2,305.71,1067022,32620367125000.0,9896,306430,0.2872
2018-04-19,SORILHOLD,EQ,305.2,307.0,314.0,291.25,305.9,305.35,307.2,445009,13670472235000.0,6635,173734,0.3904
2018-04-20,SORILHOLD,EQ,305.35,320.6,320.6,315.0,320.6,320.6,320.6,236000,7566069109999.999,597,213236,0.9035
2018-04-23,SORILHOLD,EQ,320.6,336.6,336.6,336.6,336.6,336.6,336.6,36687,1234884420000.0,196,36637,0.9986
2018-04-24,SORILHOLD,EQ,336.6,353.4,353.4,353.4,353.4,353.4,353.4,250021,8835742140000.0,321,186179,0.7447
2018-04-25,SORILHOLD,EQ,353.4,370.0,371.05,354.0,371.05,371.05,370.48,1286369,47656964790000.0,2858,676908,0.5262
2018-04-26,SORILHOLD,EQ,371.05,389.6,389.6,389.6,389.6,389.6,389.6,34173,1331380080000.0,229,34173,1.0
2018-04-27,SORILHOLD,EQ,389.6,409.05,409.05,409.05,409.05,409.05,409.05,94520,3866340600000.0,278,94520,1.0
2018-04-30,SORILHOLD,EQ,409.05,429.5,429.5,429.5,429.5,429.5,429.5,24712,1061380400000.0,191,24712,1.0
2018-10-31,IBULISL,EQ,328.15,320.0,344.55,320.0,344.55,344.55,336.36,238557,8024176575000.0,1638,216503,0.9076000000000001
2018-11-01,IBULISL,EQ,344.55,355.0,361.75,342.25,348.55,349.9,359.76,384198,13821852480000.002,2307,196628,0.5118
2018-11-02,IBULISL,EQ,349.9,349.5,361.0,343.0,345.05,347.8,354.19,170245,6029825265000.0,1722,151921,0.8924
2018-11-05,IBULISL,EQ,347.8,347.8,350.0,330.45,331.0,333.0,335.01,48057,1609950295000.0,1148,20840,0.4337
2018-11-06,IBULISL,EQ,333.0,330.1,344.95,316.35,316.35,316.35,323.76,79016,2558190040000.0,1984,44562,0.564
2018-11-07,IBULISL,EQ,316.35,330.0,332.15,320.1,332.15,329.1,329.89,52244,1723461989999.9998,589,23649,0.45270000000000005
2018-11-09,IBULISL,EQ,329.1,344.9,345.55,313.2,345.55,345.55,343.76,38498,1323403245000.0,535,29448,0.7648999999999999
2018-11-12,IBULISL,EQ,345.55,362.8,362.8,350.05,362.8,362.75,362.0,207542,7512930915000.001,1855,85201,0.4105
2018-11-13,IBULISL,EQ,362.75,367.9,377.8,351.0,371.6,372.45,370.74,142006,5264722620000.0,1765,123617,0.8704999999999999
2018-11-14,IBULISL,EQ,372.45,377.8,385.0,367.0,370.0,371.85,376.29,85933,3233602580000.0,3003,46610,0.5424
2018-11-15,IBULISL,EQ,371.85,384.0,384.0,358.5,372.1,370.05,366.28,42674,1563046410000.0,1440,26621,0.6238
2018-11-16,IBULISL,EQ,370.05,382.0,382.0,351.55,351.55,351.55,363.72,85515,3110346980000.0,2039,54774,0.6405
2018-11-19,IBULISL,EQ,351.55,360.0,360.05,334.0,334.0,334.0,335.08,58603,1963696505000.0,695,36988,0.6312
2018-11-20,IBULISL,EQ,334.0,320.0,320.0,317.3,317.3,317.3,317.32,13748,436250750000.0,167,13559,0.9863
2018-11-21,IBULISL,EQ,317.3,301.45,333.15,301.45,331.0,332.75,324.39,336997,10931879740000.0,6213,74496,0.2211
2018-11-22,IBULISL,EQ,332.75,332.0,340.0,316.15,316.15,318.6,323.99,87172,2824328355000.0,1920,53558,0.6144
2018-11-26,IBULISL,EQ,318.6,315.0,321.0,302.7,302.7,304.2,305.91,67002,2049667364999.9998,1203,40241,0.6006
2018-11-27,IBULISL,EQ,304.2,301.45,301.75,289.0,293.0,293.2,292.37,98885,2891111545000.0,1848,52333,0.5292
2018-11-28,IBULISL,EQ,293.2,287.2,296.2,278.55,278.55,278.55,281.05,158210,4446467990000.0,2051,85988,0.5435
2018-11-29,IBULISL,EQ,278.55,279.95,292.45,270.0,292.45,292.45,287.41,30867,887143740000.0,481,22867,0.7408
2018-11-30,IBULISL,EQ,292.45,307.05,307.05,302.0,307.05,307.05,306.96,133206,4088858735000.0,1004,59682,0.44799999999999995
2018-12-03,IBULISL,EQ,307.05,322.2,322.4,310.0,311.3,312.55,320.08,109303,3498523804999.9995,1594,44703,0.409
2018-12-04,IBULISL,EQ,312.55,315.0,328.15,303.65,313.9,310.35,318.69,130216,4149856779999.9995,2238,58358,0.4482
2018-12-05,IBULISL,EQ,310.35,295.0,310.0,294.85,294.85,294.85,298.67,62160,1856513675000.0,1005,40164,0.6461
2018-12-06,IBULISL,EQ,294.85,292.0,293.0,280.15,280.15,280.25,282.5,82592,2333237690000.0,1411,37050,0.4486
2018-12-07,IBULISL,EQ,280.25,281.1,289.0,266.25,272.65,268.6,275.19,44934,1236547180000.0,1314,16592,0.3693
2018-12-10,IBULISL,EQ,268.6,256.2,265.0,255.2,255.2,255.2,255.87,116671,2985209780000.0,933,73629,0.6311
2018-12-11,IBULISL,EQ,255.2,242.5,267.95,242.45,267.95,267.95,248.79,323647,8052005940000.001,2410,184101,0.5688000000000001
2018-12-12,IBULISL,EQ,267.95,269.9,281.3,267.95,281.3,281.3,278.32,20557,572139310000.0,311,15703,0.7639
2018-12-13,IBULISL,EQ,281.3,295.35,295.35,295.35,295.35,295.35,295.35,4800,141768000000.0,61,4800,1.0
2018-12-14,IBULISL,EQ,295.35,310.1,310.1,296.65,310.1,310.1,309.49,134224,4154163854999.9995,815,72352,0.539
2018-12-17,IBULISL,EQ,310.1,325.6,325.6,320.0,325.6,325.6,325.44,105441,3431449715000.0,640,53281,0.5053
2018-12-18,IBULISL,EQ,325.6,336.0,341.85,330.1,341.85,341.85,340.98,121132,4130336085000.0,1123,52859,0.4364
2018-12-19,IBULISL,EQ,341.85,358.9,358.9,355.0,358.9,358.9,358.81,75908,2723675600000.0,289,51556,0.6792
2018-12-20,IBULISL,EQ,358.9,376.8,376.8,345.0,376.8,376.0,374.86,334512,12539495785000.0,3449,134282,0.40140000000000003
2018-12-21,IBULISL,EQ,376.0,380.0,394.8,359.0,391.0,392.95,385.28,457575,17629336015000.0,7746,199436,0.43590000000000007
2018-12-24,IBULISL,EQ,392.95,408.0,408.0,380.0,380.0,383.05,390.03,176408,6880477680000.0,3672,81004,0.45920000000000005
2018-12-26,IBULISL,EQ,383.05,381.9,393.8,363.9,372.1,377.05,372.06,266243,9905818845000.0,3744,82635,0.3104
2018-12-27,IBULISL,EQ,377.05,384.0,395.75,361.85,368.75,366.45,382.0,158320,6047876890000.0,2261,101123,0.6386999999999999
2018-12-28,IBULISL,EQ,366.45,371.05,384.75,362.75,382.3,384.15,379.09,325121,12325056550000.0,2827,150527,0.46299999999999997
2018-12-31,IBULISL,EQ,384.15,388.95,390.05,373.0,375.0,375.35,381.41,266169,10151826445000.0,3810,155649,0.5848
2019-01-01,IBULISL,EQ,375.35,375.4,380.95,362.85,363.0,365.3,372.87,161720,6030044415000.0,2384,73257,0.45299999999999996
2019-01-02,IBULISL,EQ,365.3,363.95,373.75,359.0,363.0,361.4,365.84,112659,4121493420000.0005,2893,59262,0.526
2019-01-03,IBULISL,EQ,361.4,362.5,369.0,357.0,358.0,358.55,362.08,52797,1911659030000.0,989,30773,0.5829
2019-01-04,IBULISL,EQ,358.55,357.0,363.8,354.75,359.5,358.0,358.16,37921,1358189445000.0,1006,17987,0.4743
2019-01-07,IBULISL,EQ,358.0,371.0,373.3,347.75,348.0,348.95,361.72,150966,5460769015000.0,2109,88840,0.5885
2019-01-08,IBULISL,EQ,348.95,350.0,350.0,331.55,331.55,332.7,336.16,123701,4158331590000.0,2589,68235,0.5516
2019-01-09,IBULISL,EQ,332.7,321.0,336.75,320.75,320.75,325.5,329.05,58958,1940030580000.0,1793,26254,0.44530000000000003
2019-01-10,IBULISL,EQ,325.5,324.9,341.75,317.5,341.75,341.25,338.27,155331,5254441160000.0,3296,62678,0.4035
2019-01-11,IBULISL,EQ,341.25,343.5,353.3,325.2,331.55,334.55,340.26,78404,2667776240000.0,2439,23261,0.2967
2019-01-14,IBULISL,EQ,334.55,329.05,333.8,317.85,318.95,318.6,323.57,49736,1609311250000.0,1461,27436,0.5516
2019-01-15,IBULISL,EQ,318.6,318.95,333.0,316.0,320.0,317.3,322.44,49600,1599302020000.0,1279,30417,0.6132
2019-01-16,IBULISL,EQ,317.3,328.95,333.15,327.0,333.15,333.15,332.14,155420,5162143210000.0,1035,78382,0.5043
2019-01-17,IBULISL,EQ,333.15,349.8,349.8,349.8,349.8,349.8,349.8,16232,567795360000.0,132,16232,1.0
2019-01-18,IBULISL,EQ,349.8,367.25,367.25,356.05,367.25,367.25,365.67,569894,20839512975000.0,5139,224609,0.39409999999999995
2019-01-21,IBULISL,EQ,367.25,367.8,367.8,348.9,348.9,348.9,355.5,80948,2877683900000.0,2341,50395,0.6226
2019-01-22,IBULISL,EQ,348.9,332.0,341.7,331.5,331.5,331.5,332.79,47904,1594195990000.0,745,21415,0.44700000000000006
2019-01-23,IBULISL,EQ,331.5,328.95,348.05,317.0,322.0,320.45,336.67,184648,6216580370000.0,2672,96240,0.5212
2019-01-24,IBULISL,EQ,320.45,324.7,333.0,318.1,325.0,322.9,325.85,50160,1634487370000.0,1399,24897,0.4964
2019-01-25,IBULISL,EQ,322.9,325.55,339.0,311.75,318.0,314.05,327.71,122605,4017832695000.0005,2552,51777,0.42229999999999995
2019-01-28,IBULISL,EQ,314.05,326.5,326.5,298.35,298.35,298.35,303.77,100706,3059187205000.0,1348,75144,0.7462000000000001
2019-01-29,IBULISL,EQ,298.35,283.45,299.0,283.45,296.0,291.9,285.94,213852,6114835335000.0,2170,75346,0.3523
2019-01-30,IBULISL,EQ,291.9,304.9,306.45,297.0,306.45,306.2,305.99,198611,6077365535000.0,1552,85885,0.4324
2019-01-31,IBULISL,EQ,306.2,308.0,311.9,290.9,295.0,299.45,296.41,159846,4738067650000.0,3449,51951,0.325
2019-02-01,IBULISL,EQ,299.45,295.05,306.0,284.5,284.9,284.7,291.41,209986,6119110175000.0,2477,82692,0.39380000000000004
2019-02-04,IBULISL,EQ,284.7,285.0,298.9,270.5,272.0,271.45,282.21,243997,6885889720000.0,3379,92575,0.37939999999999996
2019-02-05,IBULISL,EQ,271.45,274.9,278.95,257.9,257.9,257.9,261.7,139166,3641935900000.0,1794,100506,0.7222
2019-02-06,IBULISL,EQ,257.9,253.0,258.0,245.05,245.05,245.1,247.02,184320,4553006605000.0,2240,102120,0.554
2019-02-07,IBULISL,EQ,245.1,245.0,265.0,240.05,250.85,249.4,254.96,119421,3044788510000.0,2586,56696,0.4748
2019-02-08,IBULISL,EQ,249.4,255.95,255.95,234.25,240.1,241.95,242.38,176592,4280321335000.0,2952,65006,0.36810000000000004
2019-02-11,IBULISL,EQ,241.95,235.2,239.85,219.75,220.5,221.55,225.56,178833,4033692040000.0,2576,106558,0.5959000000000001
2019-02-12,IBULISL,EQ,221.55,219.75,242.0,217.0,233.3,234.05,230.66,100429,2316529665000.0,2310,37732,0.37570000000000003
2019-02-13,IBULISL,EQ,234.05,236.0,249.25,236.0,236.45,237.25,240.5,91010,2188813445000.0,1772,43676,0.47990000000000005
2019-02-14,IBULISL,EQ,237.25,235.0,246.1,226.0,244.6,244.05,237.95,148039,3522637665000.0,2785,73396,0.4958
2019-02-15,IBULISL,EQ,244.05,237.1,245.7,233.05,237.0,236.6,239.72,70395,1687511864999.9998,1727,36406,0.5172
2019-02-18,IBULISL,EQ,236.6,235.05,239.0,218.0,218.0,220.85,226.79,61220,1388434610000.0,2153,28693,0.4687
2019-02-19,IBULISL,EQ,220.85,221.0,226.0,214.0,217.7,214.85,218.06,86729,1891246620000.0,1008,59531,0.6864
2019-02-20,IBULISL,EQ,214.85,211.0,223.95,211.0,223.5,221.25,218.87,42972,940527885000.0,1018,18024,0.4194
2019-02-21,IBULISL,EQ,221.25,221.5,243.35,220.25,243.35,243.35,237.02,95276,2258258475000.0,1251,46189,0.48479999999999995
2019-02-22,IBULISL,EQ,243.35,249.0,267.65,249.0,258.45,261.15,262.59,306598,8050977609999.999,4822,101508,0.3311
2019-02-25,IBULISL,EQ,261.15,255.9,272.0,251.7,260.0,260.35,261.73,129098,3378891570000.0005,2035,56346,0.4365
2019-02-26,IBULISL,EQ,260.35,253.1,286.25,242.25,270.15,272.45,266.35,224898,5990071400000.0,3359,74963,0.3333
2019-02-27,IBULISL,EQ,272.45,274.85,286.05,274.85,278.0,280.5,282.98,242382,6858976850000.0,2483,117830,0.48610000000000003
2019-02-28,IBULISL,EQ,280.5,281.0,284.45,270.0,274.9,272.55,276.92,79568,2203427950000.0,1448,47753,0.6002000000000001
2019-03-01,IBULISL,EQ,272.55,279.0,286.15,276.2,286.15,286.15,285.16,123887,3532772945000.0005,1267,71465,0.5769
2019-03-05,IBULISL,EQ,286.15,289.9,300.45,286.0,300.45,300.45,295.26,70927,2094174875000.0,944,47173,0.6651
2019-03-06,IBULISL,EQ,300.45,311.0,315.45,310.0,315.45,315.45,314.61,155781,4900975325000.0,1072,91680,0.5885
2019-03-07,IBULISL,EQ,315.45,330.8,330.8,301.2,315.5,316.85,314.8,144487,4548522100000.0,2056,67981,0.4705
2019-03-08,IBULISL,EQ,316.85,318.0,332.65,305.0,327.85,329.8,327.6,152411,4992927210000.0,2139,71364,0.4682
2019-03-11,IBULISL,EQ,329.8,330.9,346.25,329.0,341.25,344.25,343.84,201002,6911251565000.001,2051,97395,0.48450000000000004
2019-03-12,IBULISL,EQ,344.25,348.0,349.0,327.05,331.1,335.7,337.4,178831,6033689815000.0,2990,90342,0.5052000000000001
2019-03-13,IBULISL,EQ,335.7,335.7,338.75,318.95,318.95,319.45,324.52,98822,3206939970000.0,1593,57298,0.5798
2019-03-14,IBULISL,EQ,319.45,321.0,330.0,306.2,320.0,324.4,319.62,134655,4303816425000.0,2300,50992,0.3787
2019-03-15,IBULISL,EQ,324.4,324.25,330.0,315.0,316.25,316.7,324.1,76472,2478471620000.0,904,53536,0.7001000000000001
2019-03-18,IBULISL,EQ,316.7,321.35,321.35,301.0,301.15,301.95,305.47,80317,2453415285000.0,1299,43509,0.5417000000000001
2019-03-19,IBULISL,EQ,301.95,301.95,306.95,290.0,293.0,293.75,297.02,48927,1453228395000.0,1147,23845,0.48740000000000006
2019-03-20,IBULISL,EQ,293.75,292.0,308.0,289.4,292.1,294.05,299.07,92309,2760693525000.0,1883,41697,0.45170000000000005
2019-03-22,IBULISL,EQ,294.05,299.5,304.1,287.35,289.45,291.35,296.06,55562,1644988020000.0,888,32104,0.5778
2019-03-25,IBULISL,EQ,291.35,288.0,292.0,277.0,278.0,278.85,283.27,43425,1230101510000.0,1068,26933,0.6202000000000001
2019-03-26,IBULISL,EQ,278.85,284.35,292.75,278.0,279.3,279.4,287.75,211531,6086826460000.0,3483,67667,0.3199
2019-03-27,IBULISL,EQ,279.4,283.1,286.5,275.1,278.8,278.7,281.15,130076,3657117360000.0,2319,87320,0.6713
2019-03-28,IBULISL,EQ,278.7,286.0,292.6,280.5,292.6,292.6,290.43,85755,2490601695000.0,1059,61968,0.7226
2019-03-29,IBULISL,EQ,292.6,307.2,307.2,307.2,307.2,307.2,307.2,11927,366397440000.0,129,11927,1.0
2019-04-01,IBULISL,EQ,307.2,314.0,322.55,314.0,322.55,322.55,317.69,39271,1247602500000.0,269,34528,0.8792
2019-04-02,IBULISL,EQ,322.55,338.65,338.65,315.05,337.9,337.9,335.28,425667,14271553540000.0,4718,170898,0.40149999999999997
2019-04-03,IBULISL,EQ,337.9,337.85,344.4,328.8,339.0,335.2,337.84,181212,6122041570000.0,3283,80744,0.44560000000000005
2019-04-04,IBULISL,EQ,335.2,338.8,347.0,328.1,329.0,330.55,336.7,132782,4470718120000.0,2765,60684,0.457
2019-04-05,IBULISL,EQ,330.55,330.0,347.05,328.0,347.05,347.05,340.59,221887,7557201020000.0,1770,113279,0.5105
2019-04-08,IBULISL,EQ,347.05,359.0,364.4,355.0,359.45,362.4,362.4,126783,4594667965000.0,965,68193,0.5379
2019-04-09,IBULISL,EQ,362.4,362.4,362.4,347.5,351.5,350.55,354.65,214978,7624216834999.999,2720,152091,0.7075
2019-04-10,IBULISL,EQ,350.55,345.0,368.05,345.0,363.5,361.25,362.59,293649,10647411825000.0,4222,125295,0.4267
2019-04-11,IBULISL,EQ,361.25,365.5,376.3,356.2,358.6,361.75,364.69,181345,6613550415000.0,3733,65535,0.3614
2019-04-12,IBULISL,EQ,361.75,360.05,364.75,351.25,353.45,353.95,357.62,78700,2814434550000.0,2234,32486,0.4128
2019-04-15,IBULISL,EQ,353.95,354.0,355.05,338.0,340.0,340.55,345.89,72531,2508795775000.0,2554,42027,0.5794
2019-04-16,IBULISL,EQ,340.55,340.0,352.0,337.3,343.0,341.45,343.34,102147,3507160600000.0,2392,37277,0.3649
2019-04-18,IBULISL,EQ,341.45,352.95,355.0,332.2,333.0,334.25,340.1,154982,5270983875000.0,3389,91462,0.5901
2019-04-22,IBULISL,EQ,334.25,335.0,350.95,326.0,335.95,335.5,340.53,164017,5585288680000.0,3981,70497,0.42979999999999996
2019-04-23,IBULISL,EQ,335.5,338.05,345.8,330.1,330.1,333.05,339.14,101162,3430836345000.0005,2294,34627,0.3423
2019-04-24,IBULISL,EQ,333.05,341.0,343.0,321.1,324.1,327.4,330.6,93864,3103109885000.0,2694,37532,0.39990000000000003
2019-04-25,IBULISL,EQ,327.4,325.1,336.0,322.2,325.7,325.45,328.67,69149,2272704725000.0,1525,41675,0.6027
2019-04-26,IBULISL,EQ,325.45,326.85,331.1,312.3,314.0,315.1,319.55,72570,2318939645000.0,1582,47616,0.6561
2019-04-30,IBULISL,EQ,315.1,315.0,315.7,299.35,299.35,299.35,300.86,76840,2311784545000.0,1019,45485,0.5919
2019-05-02,IBULISL,EQ,299.35,291.0,307.8,286.55,292.25,293.45,296.69,145413,4314267390000.0,3538,42958,0.2954
2019-05-03,IBULISL,EQ,293.45,296.1,302.7,284.9,291.0,290.75,292.18,93570,2733894125000.0,1810,50798,0.5429
2019-05-06,IBULISL,EQ,290.75,287.5,287.5,276.25,276.25,277.15,280.92,58569,1645323230000.0,932,31170,0.5322
2019-05-07,IBULISL,EQ,277.15,275.0,281.0,263.3,265.0,264.05,269.58,89984,2425789865000.0,2126,53286,0.5922
2019-05-08,IBULISL,EQ,264.05,263.0,266.0,251.25,255.0,254.35,258.87,85347,2209370685000.0,2009,38632,0.4526
2019-05-09,IBULISL,EQ,254.35,252.0,267.05,251.3,263.2,262.7,265.06,175882,4661936900000.0,2462,27873,0.1585
2019-05-10,IBULISL,EQ,262.7,266.0,269.4,258.3,259.0,260.35,263.66,39341,1037247400000.0,1077,17880,0.4545
2019-05-13,IBULISL,EQ,260.35,264.0,264.0,247.35,247.35,247.35,249.83,161208,4027421320000.0005,1302,119569,0.7417
2019-05-14,IBULISL,EQ,247.35,242.0,259.7,237.1,248.05,250.1,248.16,86808,2154250585000.0002,1918,31354,0.36119999999999997
2019-05-15,IBULISL,EQ,250.1,259.9,259.9,243.15,244.35,245.25,249.5,39124,976138085000.0,1151,22856,0.5842
2019-05-16,IBULISL,EQ,245.25,251.0,254.65,240.0,251.5,251.75,248.92,52971,1318570885000.0,1028,29035,0.5481
2019-05-17,IBULISL,EQ,251.75,249.2,264.3,249.2,264.3,264.3,261.33,114087,2981396520000.0,1628,67893,0.5951
2019-05-20,IBULISL,EQ,264.3,277.5,277.5,277.5,277.5,277.5,277.5,10263,284798250000.0,99,10213,0.9951000000000001
2019-05-21,IBULISL,EQ,277.5,291.35,291.35,282.35,291.35,290.05,290.78,284467,8271784659999.999,1954,93930,0.33020000000000005
2019-05-22,IBULISL,EQ,290.05,293.0,303.5,282.15,298.95,298.3,296.27,159227,4717368345000.0,2554,90339,0.5674
2019-05-23,IBULISL,EQ,298.3,310.8,313.2,300.0,304.15,302.35,311.16,445196,13852553865000.0,3329,148036,0.3325
2019-05-24,IBULISL,EQ,302.35,305.0,311.0,291.95,297.0,296.7,303.01,141264,4280498665000.0,2823,73974,0.5236999999999999
2019-05-27,IBULISL,EQ,296.7,298.0,302.9,291.2,293.9,293.45,298.48,30180,900824785000.0,1027,14851,0.49210000000000004
2019-05-28,IBULISL,EQ,293.45,294.15,308.1,289.25,301.0,300.3,302.43,138827,4198525490000.0,2486,34626,0.2494
2019-05-29,IBULISL,EQ,300.3,297.1,303.0,290.55,293.0,292.95,296.68,48964,1452654125000.0,915,34063,0.6957
2019-05-30,IBULISL,EQ,292.95,295.95,302.0,288.1,293.0,292.5,296.43,54746,1622829670000.0,1022,22627,0.4133
2019-05-31,IBULISL,EQ,292.5,296.65,296.7,281.1,282.95,282.5,286.31,65830,1884760480000.0,1551,36172,0.5495
2019-06-03,IBULISL,EQ,282.5,283.95,292.0,272.0,287.0,285.6,283.71,73634,2089040255000.0,2109,26324,0.3575
2019-06-04,IBULISL,EQ,285.6,285.55,294.65,279.0,287.0,284.5,287.2,62679,1800123755000.0,1157,22764,0.3632
2019-06-06,IBULISL,EQ,284.5,287.0,288.0,270.3,270.3,270.3,274.62,84829,2329579465000.0,1143,59095,0.6966
2019-06-07,IBULISL,EQ,270.3,269.0,279.8,262.3,273.55,273.7,271.64,84002,2281818970000.0,1863,29011,0.3454
2019-06-10,IBULISL,EQ,273.7,281.0,281.0,249.9,255.0,253.2,260.13,111973,2912740140000.0,2196,63998,0.5715
2019-06-11,IBULISL,EQ,253.2,244.9,244.9,227.9,227.9,227.9,229.81,559585,12859841525000.0,5265,212402,0.3796
2019-06-12,IBULISL,EQ,227.9,227.0,227.0,205.15,205.15,205.15,208.53,398516,8310231065000.001,5218,198794,0.4988
2019-06-13,IBULISL,EQ,205.15,203.0,215.4,195.7,215.4,215.4,203.47,1181521,24039994720000.0,8910,690216,0.5842
2019-06-14,IBULISL,EQ,215.4,225.0,226.15,212.0,221.45,221.75,222.75,432051,9623895050000.0,4512,165040,0.38200000000000006
2019-06-17,IBULISL,EQ,221.75,222.45,226.0,210.7,210.7,211.2,214.67,156711,3364081810000.0,1780,94640,0.5696
2019-06-18,IBULISL,EQ,211.2,208.9,213.8,200.65,200.65,200.65,203.84,153628,3131532700000.0,1523,97662,0.588
2019-06-19,IBULISL,EQ,200.65,195.1,200.55,190.65,190.65,190.65,191.64,154880,2968154745000.0,932,79784,0.5151
2019-06-20,IBULISL,EQ,190.65,181.15,187.8,181.15,181.15,181.15,182.0,413530,7526311234999.999,2927,200293,0.4843
2019-06-21,IBULISL,EQ,181.15,181.0,190.2,172.1,190.2,190.2,181.12,408685,7402036409999.999,4666,155520,0.3805
2019-06-24,IBULISL,EQ,190.2,189.0,197.75,184.0,185.05,188.05,191.37,134357,2571160635000.0,2973,67008,0.4987
2019-06-25,IBULISL,EQ,188.05,183.0,190.4,178.65,178.65,180.25,184.06,84606,1557224355000.0,1865,43335,0.5122
2019-06-26,IBULISL,EQ,180.25,180.25,183.7,173.05,178.6,178.2,178.14,77002,1371741320000.0,1609,26889,0.3492
2019-06-27,IBULISL,EQ,178.2,180.0,187.1,178.2,187.1,187.1,186.12,99845,1858266530000.0,1141,44102,0.44170000000000004
2019-06-28,IBULISL,EQ,187.1,196.45,196.45,185.55,189.4,189.45,194.64,221673,4314653129999.9995,2286,89951,0.4058
2019-07-01,IBULISL,EQ,189.45,189.45,189.45,180.0,180.0,180.2,183.64,77507,1423344845000.0,1683,37645,0.4857
2019-07-02,IBULISL,EQ,180.2,181.2,187.45,171.2,180.75,181.85,176.74,181727,3211789305000.0,2690,69073,0.3801
2019-07-03,IBULISL,EQ,181.85,182.0,190.9,180.0,190.9,190.9,188.7,153234,2891547230000.0,2194,70833,0.4623
2019-07-04,IBULISL,EQ,190.9,194.6,200.4,192.95,197.95,199.5,199.52,347366,6930790165000.001,2617,103244,0.2972
2019-07-05,IBULISL,EQ,199.5,202.0,208.45,190.6,195.1,197.9,200.45,312611,6266284450000.0,6187,84374,0.2699
2019-07-08,IBULISL,EQ,197.9,195.2,199.95,188.05,188.05,188.05,190.38,82169,1564306765000.0,1467,47194,0.5744
2019-07-09,IBULISL,EQ,188.05,185.55,186.65,178.65,178.7,179.1,181.65,131049,2380494460000.0,2471,56730,0.4329
2019-07-10,IBULISL,EQ,179.1,182.0,182.8,170.15,170.3,170.75,172.86,223937,3870976329999.9995,2638,115033,0.5136999999999999
2019-07-11,IBULISL,EQ,170.75,172.85,174.1,164.1,167.25,167.3,169.06,159743,2700649815000.0,3508,59723,0.3739
2019-07-12,IBULISL,EQ,167.3,170.15,173.5,166.05,169.4,168.85,169.59,70986,1203838485000.0,1481,24157,0.3403
2019-07-15,IBULISL,EQ,168.85,172.0,174.2,160.5,161.0,162.0,165.77,77591,1286199745000.0,1741,36884,0.4754
2019-07-16,IBULISL,EQ,162.0,160.0,160.0,153.9,153.9,154.15,154.91,295164,4572435295000.0,2862,127257,0.4311
2019-07-17,IBULISL,EQ,154.15,153.5,161.85,148.65,151.6,151.75,155.12,278624,4322154260000.0,3752,107499,0.3858
2019-07-18,IBULISL,EQ,151.75,147.3,157.2,145.5,151.45,149.1,151.15,263905,3988868904999.9995,3163,87208,0.33049999999999996
2019-07-19,IBULISL,EQ,149.1,153.45,153.45,144.5,145.0,146.25,147.57,151764,2239650910000.0,1986,73320,0.48310000000000003
2019-07-22,IBULISL,EQ,146.25,143.0,144.25,138.95,138.95,139.05,139.87,264606,3701043254999.9995,2184,95466,0.3608
2019-07-23,IBULISL,EQ,139.05,135.0,141.0,133.5,133.9,134.95,136.44,178783,2439347130000.0,2245,91180,0.51
2019-07-24,IBULISL,EQ,134.95,134.95,134.95,128.25,128.25,128.25,129.18,252655,3263815690000.0,2095,133696,0.5292
2019-07-25,IBULISL,EQ,128.25,123.2,128.7,121.85,121.85,121.85,123.6,198088,2448404830000.0,1777,108555,0.5479999999999999
2019-07-26,IBULISL,EQ,121.85,116.8,127.9,115.8,127.9,127.9,119.37,509157,6077930505000.0,4316,211402,0.4152
2019-07-29,IBULISL,EQ,127.9,121.55,124.0,121.55,121.55,121.55,121.83,84514,1029639190000.0,381,65531,0.7754000000000001
2019-07-30,IBULISL,EQ,121.55,115.5,118.7,115.5,115.5,115.5,115.83,454550,5265150460000.0,2656,272997,0.6006
2019-07-31,IBULISL,EQ,115.5,111.1,113.0,109.75,110.5,110.65,110.21,267914,2952580455000.0,1695,158867,0.593
2019-08-01,IBULISL,EQ,110.65,107.95,114.8,105.15,105.15,105.15,106.66,163742,1746513395000.0,1556,71648,0.4376
2019-08-02,IBULISL,EQ,105.15,100.0,101.15,99.9,99.9,99.9,99.95,350883,3507068929999.9995,1111,180034,0.5131
2019-08-05,IBULISL,EQ,99.9,94.95,94.95,94.95,94.95,94.95,94.95,55238,524484809999.99994,94,55110,0.9977
2019-08-06,IBULISL,EQ,94.95,90.65,99.65,90.55,99.65,99.65,96.79,299863,2902511255000.0,2669,115218,0.38420000000000004
2019-08-07,IBULISL,EQ,99.65,100.9,104.45,94.7,94.7,94.7,98.22,321499,3157878455000.0,3382,164529,0.5118
2019-08-08,IBULISL,EQ,94.7,94.0,96.65,90.0,90.0,90.65,90.28,427928,3863466315000.0,1785,166890,0.39
2019-08-09,IBULISL,EQ,90.65,91.0,95.15,91.0,95.15,95.15,94.6,97829,925449275000.0,649,48610,0.4969
2019-08-13,IBULISL,EQ,95.15,99.0,99.9,97.0,99.9,99.9,99.33,47098,467803925000.0,365,31790,0.675
2019-08-14,IBULISL,EQ,99.9,104.85,104.85,104.85,104.85,104.85,104.85,63999,671029515000.0,278,58527,0.9145000000000001
2019-08-16,IBULISL,EQ,104.85,99.65,109.3,99.65,103.8,104.4,103.63,210088,2177149205000.0,2356,61019,0.2904
2019-08-19,IBULISL,EQ,104.4,109.5,109.5,104.0,105.9,105.25,106.6,58712,625863785000.0,959,31435,0.5354
2019-08-20,IBULISL,EQ,105.25,105.9,106.15,100.0,100.0,100.25,100.77,44172,445137550000.0,771,22225,0.5031
2019-08-21,IBULISL,EQ,100.25,100.0,100.95,95.25,95.5,95.3,99.32,152241,1511984315000.0,602,136551,0.8969
2019-08-22,IBULISL,EQ,95.3,95.0,95.0,90.55,90.55,90.55,90.72,22183,201239390000.0,186,15892,0.7164
2019-08-23,IBULISL,EQ,90.55,86.6,92.0,86.05,86.4,86.95,87.31,142760,1246436985000.0,1593,59457,0.4165
2019-08-26,IBULISL,EQ,86.95,90.5,91.25,82.95,91.25,90.9,88.12,232364,2047499645000.0,2934,78711,0.3387
2019-08-27,IBULISL,EQ,90.9,94.45,95.4,90.1,91.5,91.95,94.13,110893,1043874340000.0,1386,31371,0.2829
2019-08-28,IBULISL,EQ,91.95,91.95,94.7,87.4,88.65,88.55,89.49,37253,333364705000.0,745,22791,0.6118
2019-08-29,IBULISL,EQ,88.55,88.65,88.65,84.15,84.2,84.15,84.17,103042,867311510000.0,479,83361,0.809
2019-08-30,IBULISL,EQ,84.15,82.5,84.5,79.95,80.4,81.45,80.96,145057,1174334955000.0,1713,55985,0.386
2019-09-03,IBULISL,EQ,81.45,79.95,81.2,77.55,79.0,79.5,79.52,75998,604328155000.0,817,55475,0.73
2019-09-04,IBULISL,EQ,79.5,77.7,83.45,77.5,82.95,83.0,81.2,66860,542904959999.99994,1197,27775,0.4154
2019-09-05,IBULISL,EQ,83.0,84.95,87.15,81.1,86.75,85.4,86.28,99428,857878444999.9999,1023,46360,0.46630000000000005
2019-09-06,IBULISL,EQ,85.4,82.3,86.0,81.15,81.15,81.15,81.88,161569,1322866285000.0,1454,80554,0.4986
2019-09-09,IBULISL,EQ,81.15,79.0,83.0,77.5,81.0,80.7,80.45,42089,338603360000.0,796,27178,0.6456999999999999
2019-09-11,IBULISL,EQ,80.7,82.95,84.7,80.0,83.95,84.05,83.6,172046,1438302435000.0,1277,106534,0.6192000000000001
2019-09-12,IBULISL,EQ,84.05,86.55,88.25,85.15,88.25,88.25,87.73,146342,1283808645000.0,910,59242,0.4048
2019-09-13,IBULISL,EQ,88.25,91.4,92.65,87.2,92.65,92.65,91.95,103294,949740000000.0,563,39233,0.37979999999999997
2019-09-16,IBULISL,EQ,92.65,97.25,97.25,97.0,97.25,97.25,97.22,12699,123461925000.0,99,11405,0.8981
2019-09-17,IBULISL,EQ,97.25,102.1,102.1,102.1,102.1,102.1,102.1,54967,561213070000.0,329,40678,0.74
2019-09-18,IBULISL,EQ,102.1,104.0,107.2,100.0,107.2,107.2,106.18,191487,2033291339999.9998,1636,94209,0.49200000000000005
2019-09-19,IBULISL,EQ,107.2,112.3,112.55,110.05,112.55,112.55,112.41,178103,2002049539999.9998,956,58376,0.32780000000000004
2019-09-20,IBULISL,EQ,112.55,111.0,118.15,107.2,118.15,118.15,116.59,161906,1887695845000.0,1880,69501,0.4293
2019-09-23,IBULISL,EQ,118.15,124.05,124.05,124.05,124.05,124.05,124.05,7064,87628920000.0,71,7064,1.0
2019-09-24,IBULISL,EQ,124.05,130.25,130.25,130.25,130.25,130.25,130.25,67496,879135400000.0,107,55914,0.8284
2019-09-25,IBULISL,EQ,130.25,123.75,136.75,123.75,136.75,136.75,130.99,428188,5608800505000.0,4096,170723,0.3987
2019-09-26,IBULISL,EQ,136.75,142.0,143.55,139.0,143.2,143.35,143.34,167452,2400301430000.0,1033,91611,0.5471
2019-09-27,IBULISL,EQ,143.35,145.0,150.5,136.2,136.2,136.2,147.3,268983,3962011629999.9995,2848,124804,0.46399999999999997
2019-09-30,IBULISL,EQ,136.2,129.4,129.4,129.4,129.4,129.4,129.4,7187,92999780000.0,60,6937,0.9652
2019-10-01,IBULISL,EQ,129.4,122.95,122.95,122.95,122.95,122.95,122.95,699,8594205000.0,27,699,1.0
2019-10-03,IBULISL,EQ,122.95,116.85,116.85,116.85,116.85,116.85,116.85,2381,27821984999.999996,44,2381,1.0
2019-10-04,IBULISL,EQ,116.85,111.05,111.05,111.05,111.05,111.05,111.05,3330,36979650000.0,46,3330,1.0
2019-10-07,IBULISL,EQ,111.05,105.5,105.5,105.5,105.5,105.5,105.5,51145,539579750000.0,42,51145,1.0
2019-10-09,IBULISL,EQ,105.5,100.25,100.25,100.25,100.25,100.25,100.25,2279,22846975000.0,56,2279,1.0
2019-10-10,IBULISL,EQ,100.25,95.25,95.25,95.25,95.25,95.25,95.25,5781,55064025000.0,51,5781,1.0
2019-10-11,IBULISL,EQ,95.25,90.5,90.5,90.5,90.5,90.5,90.5,8649,78273450000.0,70,8649,1.0
2019-10-14,IBULISL,EQ,90.5,86.0,86.0,86.0,86.0,86.0,86.0,3461,29764600000.0,80,3461,1.0
2019-10-15,IBULISL,EQ,86.0,81.7,81.7,81.7,81.7,81.7,81.7,3454,28219180000.0,69,3454,1.0
2019-10-16,IBULISL,EQ,81.7,77.65,77.65,77.65,77.65,77.65,77.65,3634,28218009999.999996,93,3634,1.0
2019-10-17,IBULISL,EQ,77.65,73.8,81.5,73.8,73.8,73.85,75.96,1266092,9616820540000.0,6520,474286,0.37460000000000004
2019-10-18,IBULISL,EQ,73.85,72.0,75.9,70.2,71.6,70.75,71.7,1439272,10319087020000.0,6141,622548,0.4325
2019-10-22,IBULISL,EQ,70.75,70.7,74.25,67.25,67.25,67.25,70.81,405039,2868021000000.0,3798,234308,0.5785
2019-10-23,IBULISL,EQ,67.25,63.9,66.0,63.9,63.9,63.9,64.15,346711,2224171460000.0,1534,150011,0.43270000000000003
2019-10-24,IBULISL,EQ,63.9,61.25,64.1,60.75,60.75,60.75,61.12,299561,1830795489999.9998,1764,170337,0.5686
2019-10-25,IBULISL,EQ,60.75,60.75,60.75,57.75,57.75,57.75,58.12,145376,844992340000.0,586,108615,0.7471
2019-10-27,IBULISL,EQ,57.75,54.9,57.0,54.9,54.9,54.9,54.94,32739,179865370000.0,172,17596,0.5375
2019-10-29,IBULISL,EQ,54.9,54.0,57.6,52.55,57.6,57.6,55.54,122700,681502735000.0,1250,76278,0.6217
2019-10-30,IBULISL,EQ,57.6,60.45,60.45,60.45,60.45,60.45,60.45,10752,64995840000.0,85,10752,1.0
2019-10-31,IBULISL,EQ,60.45,63.45,63.45,63.45,63.45,63.45,63.45,14556,92357820000.0,69,14556,1.0
2019-11-01,IBULISL,EQ,63.45,65.95,66.6,63.5,66.6,66.6,66.06,101462,670228570000.0,383,87533,0.8627
2019-11-04,IBULISL,EQ,66.6,69.9,69.9,69.9,69.9,69.9,69.9,10352,72360480000.0,73,10352,1.0
2019-11-05,IBULISL,EQ,69.9,73.35,73.35,73.35,73.35,73.35,73.35,5765,42286275000.0,74,5765,1.0
2019-11-06,IBULISL,EQ,73.35,77.0,77.0,77.0,77.0,77.0,77.0,14606,112466200000.0,81,14606,1.0
2019-11-07,IBULISL,EQ,77.0,80.85,80.85,80.85,80.85,80.85,80.85,41357,334371345000.0,119,41156,0.9951000000000001
2019-11-08,IBULISL,EQ,80.85,84.85,84.85,77.35,84.85,84.85,84.32,102352,863079069999.9999,688,60469,0.5908
2019-11-11,IBULISL,EQ,84.85,89.05,89.05,89.05,89.05,89.05,89.05,20969,186728945000.0,172,20402,0.973
2019-11-13,IBULISL,EQ,89.05,93.5,93.5,84.85,86.3,85.65,89.56,278956,2498375005000.0,2407,174392,0.6252000000000001
2019-11-14,IBULISL,EQ,85.65,85.1,85.6,81.4,81.4,81.4,82.18,168799,1387271350000.0,1389,117849,0.6981999999999999
2019-11-15,IBULISL,EQ,81.4,77.35,77.35,77.35,77.35,77.35,77.35,19889,153841415000.0,144,19888,0.9999
2019-11-18,IBULISL,EQ,77.35,73.5,73.5,73.5,73.5,73.5,73.5,19428,142795800000.0,75,19428,1.0
2019-11-19,IBULISL,EQ,73.5,69.85,69.85,69.85,69.85,69.85,69.85,19327,134999095000.0,104,19327,1.0
2019-11-20,IBULISL,EQ,69.85,66.4,66.4,66.4,66.4,66.4,66.4,20890,138709600000.0,155,20890,1.0
2019-11-21,IBULISL,EQ,66.4,63.1,69.7,63.1,66.45,66.35,66.29,1794851,11897559785000.0,11342,754627,0.4204
2019-11-22,IBULISL,EQ,66.35,66.8,68.7,63.05,63.05,63.2,65.91,554842,3657031460000.0,6380,321957,0.5803
2019-11-25,IBULISL,EQ,63.2,64.75,66.15,61.3,62.6,63.05,63.18,823773,5204192870000.0,4728,632985,0.7684000000000001
2019-11-26,IBULISL,EQ,63.05,63.7,66.2,63.05,64.8,65.0,65.18,612154,3989827270000.0005,6586,288192,0.4708
2019-11-27,IBULISL,EQ,65.0,65.95,66.8,63.8,64.7,65.1,65.34,215175,1405959460000.0,3167,132948,0.6179
2019-11-28,IBULISL,EQ,65.1,65.7,68.35,64.75,68.35,68.35,67.94,903319,6137084625000.0,2831,663282,0.7343000000000001
2019-11-29,IBULISL,EQ,68.35,71.75,71.75,65.0,71.75,71.75,70.68,2010360,14208664660000.0,5399,1026033,0.5104
2019-12-02,IBULISL,EQ,71.75,75.25,75.3,73.5,75.3,75.3,75.22,279046,2099044860000.0002,770,204897,0.7343000000000001
2019-12-03,IBULISL,EQ,75.3,79.05,79.05,79.05,79.05,79.05,79.05,52103,411874215000.0,148,52103,1.0
2019-12-04,IBULISL,EQ,79.05,83.0,83.0,76.55,83.0,83.0,82.17,363104,2983751630000.0,1144,227298,0.626
2019-12-05,IBULISL,EQ,83.0,87.1,87.15,85.0,87.15,87.15,86.86,178370,1549306515000.0,690,115139,0.6455
2019-12-06,IBULISL,EQ,87.15,91.5,91.5,82.8,82.8,82.8,87.81,595660,5230739820000.0,4351,329707,0.5535
2019-12-09,IBULISL,EQ,82.8,79.15,84.0,78.7,78.7,78.7,79.41,368912,2929655175000.0,1889,177554,0.48130000000000006
2019-12-10,IBULISL,EQ,78.7,76.3,82.6,75.5,81.0,80.35,81.96,661478,5421407200000.0,3377,339532,0.5133
2019-12-11,IBULISL,EQ,80.35,82.9,83.0,77.55,78.7,79.35,80.18,111336,892685169999.9999,2073,48913,0.4393
2019-12-12,IBULISL,EQ,79.35,78.35,81.0,77.85,79.8,79.8,79.77,143384,1143715675000.0,2268,61516,0.429
2019-12-13,IBULISL,EQ,79.8,79.8,83.75,76.55,78.5,78.95,81.47,513938,4186907210000.0,3816,256465,0.499
2019-12-16,IBULISL,EQ,78.95,80.4,80.4,75.9,77.55,76.75,77.29,236107,1824819020000.0,1729,123817,0.5244
2019-12-17,IBULISL,EQ,76.75,77.3,77.3,75.6,76.5,76.3,76.19,166997,1272320475000.0,939,124621,0.7462000000000001
2019-12-18,IBULISL,EQ,76.3,76.0,80.0,75.6,78.85,79.1,78.51,140194,1100594915000.0,1137,86023,0.6136
2019-12-19,IBULISL,EQ,79.1,79.0,82.0,77.9,78.85,78.9,80.11,138786,1111799455000.0,1578,56627,0.408
2019-12-20,IBULISL,EQ,78.9,79.3,82.8,79.0,79.45,79.5,82.12,718750,5902547275000.0,4340,76844,0.1069
2019-12-23,IBULISL,EQ,79.5,78.1,81.2,78.0,80.8,80.35,79.73,150291,1198296670000.0,2760,63528,0.4227
2019-12-24,IBULISL,EQ,80.35,80.15,84.35,80.1,81.2,81.4,82.79,416905,3451625475000.0,3071,96570,0.2316
2019-12-26,IBULISL,EQ,81.4,83.6,83.6,80.0,80.3,81.0,81.44,138840,1130747535000.0,1644,62283,0.4486
2019-12-27,IBULISL,EQ,81.0,81.9,82.2,79.6,80.1,80.45,80.63,151732,1223434980000.0,1241,76717,0.5056
2019-12-30,IBULISL,EQ,80.45,81.8,82.95,80.5,82.25,82.25,81.87,180670,1479094375000.0,2144,104191,0.5767
2019-12-31,IBULISL,EQ,82.25,82.3,86.35,81.45,86.35,86.35,85.75,260195,2231055360000.0,1901,114106,0.4385
2020-01-01,IBULISL,EQ,86.35,90.65,90.65,90.65,90.65,90.65,90.65,18011,163269715000.0,114,18011,1.0
