date,1. open,2. high,3. low,4. close,5. volume
2020-04-03 05:59:00,180.13,183.6,179.71,182.03,691.0
2020-04-03 05:58:00,180.5,181.0,180.0,180.9,426.0
2020-04-03 05:57:00,180.2,180.5,180.15,180.5,144.0
2020-04-03 05:56:00,182.0,182.0,180.05,180.95,310.0
2020-04-03 05:55:00,182.1,182.6,182.0,182.1,277.0
2020-04-03 05:54:00,182.7,182.7,182.1,182.1,50.0
2020-04-03 05:53:00,182.3,182.8,182.3,182.8,110.0
2020-04-03 05:52:00,182.05,182.7,182.05,182.6,67.0
2020-04-03 05:51:00,182.95,183.0,182.15,182.15,506.0
2020-04-03 05:50:00,182.75,183.0,182.75,183.0,708.0
2020-04-03 05:48:00,182.2,182.65,182.0,182.65,57.0
2020-04-03 05:47:00,181.7,182.0,181.3,182.0,328.0
2020-04-03 05:46:00,181.7,181.7,181.35,181.35,121.0
2020-04-03 05:45:00,182.95,183.0,181.05,181.3,1969.0
2020-04-03 05:44:00,183.05,183.05,182.5,182.55,5.0
2020-04-03 05:43:00,182.35,183.05,182.35,182.55,106.0
2020-04-03 05:42:00,183.55,183.55,182.95,182.95,116.0
2020-04-03 05:41:00,182.95,183.9,182.65,183.05,786.0
2020-04-03 05:40:00,182.85,183.35,182.85,182.9,40.0
2020-04-03 05:39:00,182.5,182.6,182.2,182.6,490.0
2020-04-03 05:38:00,182.55,182.55,182.55,182.55,17.0
2020-04-03 05:37:00,182.7,182.7,182.3,182.65,107.0
2020-04-03 05:36:00,182.75,182.8,182.25,182.8,0.0
2020-04-03 05:35:00,182.2,182.25,182.2,182.25,272.0
2020-04-03 05:34:00,182.05,182.05,182.05,182.05,45.0
2020-04-03 05:33:00,182.75,182.75,182.75,182.75,2.0
2020-04-03 05:32:00,183.1,183.1,182.05,182.4,266.0
2020-04-03 05:31:00,183.1,183.6,183.1,183.6,190.0
2020-04-03 05:30:00,183.65,183.65,183.1,183.1,178.0
2020-04-03 05:29:00,183.0,183.5,183.0,183.5,466.0
2020-04-03 05:28:00,182.3,183.0,182.3,183.0,862.0
2020-04-03 05:27:00,182.5,182.5,182.5,182.5,5.0
2020-04-03 05:26:00,182.35,182.5,182.2,182.5,128.0
2020-04-03 05:25:00,182.2,182.4,182.05,182.05,716.0
2020-04-03 05:24:00,182.25,182.25,182.25,182.25,17.0
2020-04-03 05:23:00,182.35,182.35,182.25,182.25,10.0
2020-04-03 05:22:00,182.35,182.9,182.35,182.9,751.0
2020-04-03 05:21:00,182.5,182.9,182.5,182.9,245.0
2020-04-03 05:20:00,182.2,182.95,182.2,182.95,554.0
2020-04-03 05:19:00,182.1,182.45,181.5,182.45,1060.0
2020-04-03 05:18:00,182.65,182.65,181.7,181.95,165.0
2020-04-03 05:17:00,182.75,182.75,182.0,182.0,346.0
2020-04-03 05:16:00,182.4,182.55,182.4,182.55,262.0
2020-04-03 05:15:00,180.85,182.4,180.85,182.4,272.0
2020-04-03 05:14:00,180.5,180.6,179.95,180.6,252.0
2020-04-03 05:13:00,180.5,180.5,179.05,179.05,537.0
2020-04-03 05:12:00,180.0,180.75,180.0,180.65,525.0
2020-04-03 05:11:00,178.6,180.0,178.6,180.0,683.0
2020-04-03 05:10:00,178.6,178.6,178.6,178.6,644.0
2020-04-03 05:09:00,178.55,178.6,178.5,178.6,217.0
2020-04-03 05:08:00,178.5,178.6,178.5,178.5,866.0
2020-04-03 05:07:00,178.0,178.3,178.0,178.3,35.0
2020-04-03 05:06:00,178.65,178.65,178.05,178.35,924.0
2020-04-03 05:05:00,180.0,180.0,178.85,178.9,2452.0
2020-04-03 05:04:00,180.0,180.05,180.0,180.05,466.0
2020-04-03 05:03:00,180.25,180.25,180.0,180.15,528.0
2020-04-03 05:02:00,180.75,180.75,180.1,180.3,301.0
2020-04-03 05:01:00,180.8,180.95,180.8,180.95,119.0
2020-04-03 05:00:00,180.7,181.0,180.7,181.0,31.0
2020-04-03 04:59:00,181.0,181.0,181.0,181.0,0.0
2020-04-03 04:58:00,181.0,181.0,181.0,181.0,106.0
2020-04-03 04:57:00,181.0,181.0,181.0,181.0,498.0
2020-04-03 04:55:00,181.45,181.45,181.45,181.45,4.0
2020-04-03 04:54:00,181.25,181.45,181.25,181.45,51.0
2020-04-03 04:53:00,181.35,181.35,181.35,181.35,51.0
2020-04-03 04:52:00,181.3,181.75,181.3,181.75,48.0
2020-04-03 04:51:00,181.45,181.55,181.45,181.55,51.0
2020-04-03 04:49:00,181.75,181.75,181.3,181.45,243.0
2020-04-03 04:48:00,181.6,181.6,181.6,181.6,0.0
2020-04-03 04:47:00,181.8,181.85,181.25,181.7,558.0
2020-04-03 04:46:00,182.0,182.0,182.0,182.0,43.0
2020-04-03 04:45:00,182.1,182.1,182.1,182.1,0.0
2020-04-03 04:44:00,182.4,182.4,182.1,182.4,141.0
2020-04-03 04:43:00,182.25,182.25,182.25,182.25,68.0
2020-04-03 04:42:00,182.15,182.2,182.15,182.15,51.0
2020-04-03 04:41:00,182.25,182.25,182.15,182.15,164.0
2020-04-03 04:40:00,182.45,182.45,182.3,182.45,140.0
2020-04-03 04:38:00,182.4,182.4,182.4,182.4,0.0
2020-04-03 04:37:00,182.45,182.45,182.4,182.4,82.0
2020-04-03 04:36:00,182.75,182.75,182.4,182.4,378.0
2020-04-03 04:35:00,182.75,182.75,182.75,182.75,34.0
2020-04-03 04:34:00,182.75,182.75,182.75,182.75,58.0
2020-04-03 04:33:00,182.65,182.65,182.65,182.65,0.0
2020-04-03 04:32:00,182.6,182.6,182.6,182.6,0.0
2020-04-03 04:31:00,183.05,183.05,183.05,183.05,164.0
2020-04-03 04:29:00,182.45,183.05,182.45,183.05,0.0
2020-04-03 04:26:00,182.75,182.75,182.75,182.75,84.0
2020-04-03 04:25:00,183.0,183.0,182.4,182.75,190.0
2020-04-03 04:24:00,183.0,183.0,183.0,183.0,2.0
2020-04-03 04:22:00,182.45,183.0,182.45,183.0,47.0
2020-04-03 04:21:00,183.25,183.25,182.45,183.15,840.0
2020-04-03 04:20:00,184.15,184.15,184.15,184.15,42.0
2020-04-03 04:19:00,183.95,184.25,183.95,184.25,32.0
2020-04-03 04:18:00,184.4,184.4,184.4,184.4,242.0
2020-04-03 04:17:00,183.95,184.4,183.45,184.4,93.0
2020-04-03 04:16:00,183.45,183.95,183.45,183.95,218.0
2020-04-03 04:15:00,184.0,184.0,183.45,183.45,54.0
2020-04-03 04:14:00,183.5,184.0,183.5,183.6,838.0
2020-04-03 04:13:00,183.5,183.5,183.15,183.25,1346.0
2020-04-03 04:12:00,185.85,185.85,185.1,185.15,232.0
2020-04-03 04:11:00,185.85,185.85,185.85,185.85,65.0
2020-04-03 04:10:00,185.5,185.5,185.5,185.5,86.0
2020-04-03 04:09:00,185.55,185.9,185.0,185.15,691.0
2020-04-03 04:08:00,185.25,186.0,185.25,185.4,184.0
2020-04-03 04:07:00,185.0,186.05,184.95,185.5,1970.0
2020-04-03 04:06:00,184.0,184.3,184.0,184.3,140.0
2020-04-03 04:05:00,182.95,183.85,182.95,183.85,273.0
2020-04-03 04:04:00,182.45,182.45,182.45,182.45,0.0
2020-04-03 04:03:00,182.9,182.9,182.9,182.9,42.0
2020-04-03 04:02:00,182.85,182.85,182.85,182.85,26.0
2020-04-03 04:01:00,182.45,182.45,182.45,182.45,32.0
2020-04-03 04:00:00,182.85,182.85,182.85,182.85,0.0
2020-04-03 03:58:00,182.6,182.6,182.4,182.4,25.0
2020-04-03 03:56:00,182.85,182.85,182.6,182.6,566.0
2020-04-03 03:55:00,182.95,182.95,182.55,182.55,45.0
2020-04-03 03:53:00,182.4,183.0,182.4,183.0,70.0
2020-04-03 03:52:00,182.6,182.6,182.6,182.6,0.0
2020-04-03 03:51:00,183.0,183.0,183.0,183.0,0.0
2020-04-03 03:50:00,183.0,183.0,183.0,183.0,33.0
2020-04-03 03:46:00,183.05,183.05,183.0,183.0,71.0
2020-04-03 03:45:00,183.0,183.0,183.0,183.0,62.0
2020-04-03 03:44:00,183.15,183.2,183.1,183.1,41.0
2020-04-03 03:42:00,181.35,184.0,181.35,183.1,1252.0
2020-04-03 03:41:00,181.7,181.7,181.7,181.7,0.0
2020-04-03 03:40:00,181.3,181.3,181.3,181.3,48.0
2020-04-03 03:39:00,181.6,181.6,181.3,181.3,5.0
2020-04-03 03:38:00,181.95,182.0,181.3,181.3,103.0
2020-04-03 03:37:00,181.85,182.1,181.85,182.1,75.0
2020-04-03 03:36:00,182.2,182.2,182.2,182.2,17.0
2020-04-03 03:35:00,182.15,182.2,182.15,182.2,153.0
2020-04-03 03:34:00,181.45,182.1,181.45,182.1,92.0
2020-04-03 03:33:00,182.0,182.0,181.3,181.3,288.0
2020-04-03 03:32:00,182.0,182.2,182.0,182.2,17.0
2020-04-03 03:31:00,182.4,182.4,182.05,182.05,104.0
2020-04-03 03:30:00,182.5,182.5,182.5,182.5,140.0
2020-04-03 03:29:00,182.7,182.75,182.5,182.75,124.0
2020-04-03 03:28:00,182.8,182.8,182.8,182.8,137.0
2020-04-03 03:26:00,182.8,182.8,182.8,182.8,47.0
2020-04-03 03:25:00,183.1,183.15,183.1,183.15,14.0
2020-04-03 03:24:00,183.2,183.2,183.0,183.0,206.0
2020-04-03 03:23:00,183.2,183.2,183.2,183.2,36.0
2020-04-03 03:22:00,183.5,183.5,183.5,183.5,0.0
2020-04-03 03:21:00,183.2,183.2,183.2,183.2,0.0
2020-04-03 03:20:00,183.2,183.35,183.2,183.35,207.0
2020-04-03 03:19:00,183.2,183.2,183.2,183.2,5.0
2020-04-03 03:17:00,182.65,183.3,182.65,183.3,164.0
2020-04-03 03:16:00,183.6,183.6,183.6,183.6,41.0
2020-04-03 03:12:00,183.85,183.85,183.85,183.85,0.0
2020-04-03 03:11:00,182.0,184.55,182.0,182.95,1312.0
2020-04-03 03:09:00,182.45,182.45,182.45,182.45,127.0
2020-04-03 03:08:00,182.15,182.4,182.15,182.4,106.0
2020-04-03 03:07:00,182.5,182.5,182.35,182.4,359.0
2020-04-03 03:06:00,182.65,182.65,182.65,182.65,33.0
2020-04-03 03:05:00,182.7,182.7,182.7,182.7,8.0
2020-04-03 03:04:00,183.0,183.0,182.9,182.9,152.0
2020-04-03 03:03:00,183.5,183.5,183.1,183.1,0.0
2020-04-03 03:01:00,183.5,183.5,183.5,183.5,1.0
2020-04-03 03:00:00,183.5,183.5,183.5,183.5,59.0
2020-04-03 02:59:00,183.5,183.7,183.5,183.7,5.0
2020-04-03 02:58:00,183.55,183.55,183.55,183.55,171.0
2020-04-03 02:57:00,183.5,183.5,183.5,183.5,15.0
2020-04-03 02:55:00,183.25,183.25,183.25,183.25,35.0
2020-04-03 02:54:00,183.85,183.85,183.85,183.85,17.0
2020-04-03 02:52:00,183.05,183.05,183.05,183.05,12.0
2020-04-03 02:51:00,182.8,183.05,182.8,183.05,174.0
2020-04-03 02:50:00,182.75,182.75,182.65,182.65,51.0
2020-04-03 02:49:00,182.7,182.75,182.7,182.75,136.0
2020-04-03 02:48:00,182.8,182.8,182.8,182.8,0.0
2020-04-03 02:47:00,183.05,183.05,182.9,182.9,168.0
2020-04-03 02:46:00,183.1,183.1,182.85,183.1,36.0
2020-04-03 02:45:00,182.85,183.15,182.85,182.85,243.0
2020-04-03 02:44:00,183.4,183.4,182.8,182.85,284.0
2020-04-03 02:43:00,183.55,183.55,183.55,183.55,65.0
2020-04-03 02:42:00,183.55,183.55,183.55,183.55,49.0
2020-04-03 02:41:00,183.55,183.55,183.55,183.55,0.0
2020-04-03 02:40:00,183.55,183.55,183.55,183.55,56.0
2020-04-03 02:39:00,184.55,184.55,184.0,184.0,242.0
2020-04-03 02:38:00,184.55,184.55,184.55,184.55,80.0
2020-04-03 02:37:00,184.5,184.5,184.5,184.5,0.0
2020-04-03 02:36:00,184.55,184.55,184.55,184.55,51.0
2020-04-03 02:35:00,184.55,184.55,184.1,184.5,0.0
2020-04-03 02:33:00,184.55,184.55,184.4,184.4,97.0
2020-04-03 02:32:00,184.55,184.55,184.55,184.55,280.0
2020-04-03 02:31:00,184.25,184.5,184.25,184.5,297.0
2020-04-03 02:30:00,184.45,184.45,184.0,184.1,117.0
2020-04-03 02:28:00,183.7,184.35,183.7,183.85,44.0
2020-04-03 02:27:00,183.8,184.0,183.55,184.0,215.0
2020-04-03 02:26:00,183.85,183.85,183.85,183.85,3.0
2020-04-03 02:25:00,183.5,183.95,183.5,183.95,123.0
2020-04-03 02:24:00,183.55,183.55,183.55,183.55,69.0
2020-04-03 02:23:00,183.55,183.55,183.55,183.55,14.0
2020-04-03 02:22:00,183.55,183.95,183.55,183.95,68.0
2020-04-03 02:21:00,184.0,184.0,184.0,184.0,0.0
2020-04-03 02:20:00,182.8,184.0,182.8,184.0,183.0
2020-04-03 02:19:00,183.0,183.0,182.8,182.8,824.0
2020-04-03 02:18:00,183.4,183.4,183.4,183.4,0.0
2020-04-03 02:17:00,184.0,184.0,183.4,183.4,242.0
2020-04-03 02:16:00,183.55,184.0,183.55,184.0,213.0
2020-04-03 02:15:00,183.2,183.5,183.2,183.5,884.0
2020-04-03 02:14:00,183.05,183.1,183.05,183.1,64.0
2020-04-03 02:12:00,182.8,182.8,182.8,182.8,0.0
2020-04-03 02:11:00,182.75,183.0,182.75,183.0,22.0
2020-04-03 02:09:00,183.05,183.1,182.95,182.95,106.0
2020-04-03 02:08:00,182.6,183.4,182.6,182.9,917.0
2020-04-03 02:07:00,182.65,182.65,182.65,182.65,33.0
2020-04-03 02:06:00,182.9,182.9,182.85,182.85,2.0
2020-04-03 02:03:00,182.85,182.85,182.85,182.85,0.0
2020-04-03 02:02:00,182.85,182.85,182.85,182.85,0.0
2020-04-03 02:01:00,182.95,182.95,182.6,182.65,138.0
2020-04-03 02:00:00,182.6,182.9,182.6,182.7,374.0
2020-04-03 01:59:00,182.6,182.6,182.6,182.6,64.0
2020-04-03 01:58:00,182.6,182.6,182.6,182.6,257.0
2020-04-03 01:57:00,182.8,182.8,182.8,182.8,31.0
2020-04-03 01:56:00,182.6,182.8,182.6,182.8,136.0
2020-04-03 01:55:00,182.5,182.5,182.5,182.5,127.0
2020-04-03 01:53:00,182.25,182.25,182.25,182.25,489.0
2020-04-03 01:52:00,183.2,183.2,183.1,183.1,203.0
2020-04-03 01:51:00,183.35,183.35,183.35,183.35,15.0
2020-04-03 01:50:00,183.35,183.4,183.1,183.4,81.0
2020-04-03 01:49:00,183.4,183.4,183.4,183.4,59.0
2020-04-03 01:47:00,183.1,183.1,183.1,183.1,199.0
2020-04-03 01:46:00,183.35,183.35,183.05,183.05,56.0
2020-04-03 01:45:00,183.45,183.5,183.25,183.25,118.0
2020-04-03 01:44:00,183.35,183.35,183.35,183.35,1.0
2020-04-03 01:43:00,183.15,183.15,183.15,183.15,0.0
2020-04-03 01:41:00,183.45,183.45,182.95,182.95,57.0
2020-04-03 01:40:00,183.1,183.55,183.1,183.55,370.0
2020-04-03 01:39:00,182.8,183.0,182.8,183.0,44.0
2020-04-03 01:38:00,182.8,183.0,182.8,183.0,453.0
2020-04-03 01:37:00,182.55,182.6,182.55,182.6,144.0
2020-04-03 01:36:00,182.5,182.5,182.5,182.5,82.0
2020-04-03 01:35:00,182.5,182.5,182.5,182.5,48.0
2020-04-03 01:34:00,182.5,182.5,182.3,182.5,244.0
2020-04-03 01:33:00,182.25,182.25,182.2,182.2,42.0
2020-04-03 01:32:00,182.25,182.55,182.25,182.25,120.0
2020-04-03 01:31:00,182.0,182.1,182.0,182.1,51.0
2020-04-03 01:30:00,182.95,182.95,182.55,182.55,183.0
2020-04-03 01:29:00,182.6,182.6,182.6,182.6,69.0
2020-04-03 01:28:00,182.75,182.95,182.75,182.95,45.0
2020-04-03 01:27:00,182.6,182.6,182.6,182.6,74.0
2020-04-03 01:25:00,183.0,183.0,183.0,183.0,148.0
2020-04-03 01:24:00,183.0,183.0,183.0,183.0,45.0
2020-04-03 01:23:00,183.3,183.5,183.1,183.1,300.0
2020-04-03 01:22:00,183.2,183.4,183.2,183.4,0.0
2020-04-03 01:21:00,183.2,183.5,183.2,183.2,59.0
2020-04-03 01:20:00,183.5,183.5,183.5,183.5,0.0
2020-04-03 01:19:00,183.2,183.5,183.2,183.2,233.0
2020-04-03 01:18:00,183.5,183.5,183.2,183.2,90.0
2020-04-03 01:17:00,183.55,183.55,183.2,183.5,90.0
2020-04-03 01:16:00,183.6,183.6,183.45,183.55,134.0
2020-04-03 01:15:00,184.0,184.0,183.85,183.95,119.0
2020-04-03 01:14:00,184.0,184.0,184.0,184.0,97.0
2020-04-03 01:13:00,184.25,184.25,184.0,184.0,17.0
2020-04-03 01:12:00,184.4,184.4,183.75,184.3,255.0
2020-04-03 01:11:00,184.4,184.4,184.4,184.4,0.0
2020-04-03 01:10:00,183.75,184.1,183.75,184.1,20.0
2020-04-03 01:08:00,183.75,184.0,183.75,184.0,140.0
2020-04-03 01:07:00,183.9,184.0,183.6,184.0,175.0
2020-04-03 01:06:00,183.75,183.95,183.75,183.95,68.0
2020-04-03 01:05:00,184.3,184.3,184.1,184.1,498.0
2020-04-03 01:04:00,184.5,184.5,184.3,184.3,68.0
2020-04-03 01:03:00,184.5,184.5,184.3,184.3,51.0
2020-04-03 01:02:00,184.5,184.5,184.3,184.5,80.0
2020-04-03 01:01:00,184.55,184.55,184.5,184.5,141.0
2020-04-03 01:00:00,184.55,184.55,184.35,184.35,195.0
2020-04-03 00:59:00,184.3,184.7,184.3,184.7,196.0
2020-04-03 00:58:00,184.65,184.65,184.25,184.35,76.0
2020-04-03 00:57:00,184.5,184.65,184.2,184.65,116.0
2020-04-03 00:56:00,184.5,184.5,184.15,184.2,88.0
2020-04-03 00:55:00,183.95,184.7,183.95,184.2,493.0
2020-04-03 00:54:00,183.55,183.95,183.55,183.9,62.0
2020-04-03 00:53:00,183.55,183.55,183.55,183.55,56.0
2020-04-03 00:52:00,183.8,183.95,183.45,183.5,225.0
2020-04-03 00:51:00,183.45,183.75,183.45,183.45,59.0
2020-04-03 00:50:00,183.5,183.7,183.25,183.45,754.0
2020-04-03 00:49:00,183.5,183.65,183.0,183.5,915.0
2020-04-03 00:48:00,185.55,185.55,182.85,182.85,3496.0
2020-04-03 00:47:00,185.95,186.0,185.55,185.55,433.0
2020-04-03 00:46:00,185.65,185.85,185.65,185.8,102.0
2020-04-03 00:45:00,185.75,185.75,185.55,185.55,9.0
2020-04-03 00:44:00,185.65,185.75,185.55,185.55,141.0
2020-04-03 00:43:00,185.5,185.5,185.5,185.5,0.0
2020-04-03 00:42:00,185.5,185.65,185.5,185.5,180.0
2020-04-03 00:41:00,185.4,185.4,185.4,185.4,131.0
2020-04-03 00:40:00,185.5,185.5,185.4,185.5,73.0
2020-04-03 00:39:00,185.55,185.55,185.4,185.4,80.0
2020-04-03 00:38:00,185.95,185.95,185.55,185.55,131.0
2020-04-03 00:37:00,186.0,186.5,186.0,186.0,624.0
2020-04-03 00:36:00,185.9,185.9,185.5,185.5,121.0
2020-04-03 00:35:00,185.5,186.0,185.5,186.0,412.0
2020-04-03 00:34:00,185.35,185.5,185.35,185.5,119.0
2020-04-03 00:33:00,185.4,185.5,185.3,185.5,691.0
2020-04-03 00:32:00,185.2,185.25,185.0,185.0,393.0
2020-04-03 00:31:00,185.6,185.7,185.35,185.5,143.0
2020-04-03 00:30:00,185.7,185.7,185.25,185.65,62.0
2020-04-03 00:29:00,185.7,185.85,185.7,185.85,104.0
2020-04-03 00:28:00,185.95,186.0,185.8,185.8,285.0
2020-04-03 00:27:00,185.85,186.0,185.85,185.95,28.0
2020-04-03 00:26:00,185.85,186.0,185.65,185.65,329.0
2020-04-03 00:25:00,186.25,186.25,185.85,185.9,139.0
2020-04-03 00:24:00,185.9,186.4,185.85,185.85,742.0
2020-04-03 00:23:00,186.05,186.05,185.2,185.85,1499.0
2020-04-03 00:22:00,186.65,186.65,186.0,186.0,340.0
2020-04-03 00:21:00,187.25,187.4,186.75,186.8,261.0
2020-04-03 00:20:00,188.0,188.0,187.0,187.5,4504.0
2020-04-03 00:19:00,187.5,188.0,187.5,187.95,782.0
2020-04-03 00:18:00,187.85,187.85,187.5,187.5,156.0
2020-04-03 00:17:00,188.0,188.0,186.45,187.7,1540.0
2020-04-03 00:16:00,188.05,188.2,187.3,188.0,2288.0
2020-04-03 00:15:00,188.05,188.5,188.0,188.2,1680.0
2020-04-03 00:14:00,188.1,188.35,188.05,188.05,689.0
2020-04-03 00:13:00,188.4,188.4,188.1,188.1,226.0
2020-04-03 00:12:00,188.6,188.6,188.1,188.5,1025.0
2020-04-03 00:11:00,188.45,188.5,188.0,188.5,699.0
2020-04-03 00:10:00,188.6,188.6,187.95,188.05,1354.0
2020-04-03 00:09:00,188.0,188.85,187.75,188.75,893.0
2020-04-03 00:08:00,188.8,189.2,187.2,187.7,2179.0
2020-04-03 00:07:00,187.5,188.9,186.3,188.2,912.0
2020-04-03 00:06:00,187.0,187.6,186.3,187.6,969.0
2020-04-03 00:05:00,187.15,188.0,186.95,187.25,1250.0
2020-04-03 00:04:00,187.9,187.9,187.0,187.35,922.0
2020-04-03 00:03:00,186.05,188.5,186.05,187.75,4089.0
2020-04-03 00:02:00,186.0,186.25,186.0,186.15,129.0
2020-04-03 00:01:00,185.35,186.2,185.35,186.0,942.0
2020-04-03 00:00:00,185.51,185.92,184.82,185.31,2242.0
2020-04-02 23:59:00,185.8,185.8,185.5,185.55,395.0
2020-04-02 23:58:00,186.2,186.35,185.5,185.5,967.0
2020-04-02 23:57:00,186.0,186.75,186.0,186.2,1054.0
2020-04-02 23:56:00,184.3,187.6,184.3,186.0,3161.0
2020-04-02 23:55:00,182.0,184.05,181.45,184.05,3454.0
2020-04-02 23:54:00,181.85,182.7,181.1,181.1,809.0
2020-04-02 23:53:00,183.0,183.3,181.05,182.0,506.0
2020-04-02 23:52:00,181.75,184.1,181.75,183.0,1354.0
2020-04-02 23:51:00,180.15,181.7,179.85,181.7,1208.0
2020-04-02 23:50:00,185.0,185.1,180.85,180.85,1792.0
2020-04-02 23:49:00,180.8,184.75,180.6,184.15,2545.0
2020-04-02 23:48:00,178.15,180.5,178.15,180.5,652.0
2020-04-02 23:47:00,178.15,178.95,177.05,178.3,2337.0
2020-04-02 23:46:00,182.3,182.45,179.1,179.1,9913.0
2020-04-02 23:45:00,182.5,184.0,182.0,182.0,0.0
2020-04-01 05:59:00,177.65,181.85,177.5,181.85,4118.0
2020-04-01 05:58:00,177.9,178.0,177.45,178.0,1238.0
2020-04-01 05:57:00,177.95,178.0,177.9,178.0,3490.0
2020-04-01 05:56:00,181.7,181.7,177.95,178.0,8840.0
2020-04-01 05:55:00,181.7,182.35,181.7,181.7,6545.0
2020-04-01 05:54:00,181.9,182.0,181.05,181.8,2743.0
2020-04-01 05:53:00,181.95,182.0,181.9,181.9,2646.0
2020-04-01 05:52:00,184.7,184.9,181.45,181.95,7763.0
2020-04-01 05:51:00,184.9,184.95,184.15,184.9,2895.0
2020-04-01 05:50:00,184.9,184.95,184.9,184.9,2950.0
2020-04-01 05:49:00,183.35,185.0,183.35,184.9,13753.0
2020-04-01 05:48:00,182.2,183.85,182.2,183.35,4489.0
2020-04-01 05:47:00,181.7,182.5,181.7,182.4,2330.0
2020-04-01 05:46:00,180.8,181.5,180.8,181.5,2893.0
2020-04-01 05:45:00,181.0,181.0,180.5,180.7,3060.0
2020-04-01 05:44:00,181.5,181.55,181.05,181.05,2572.0
2020-04-01 05:43:00,181.3,181.9,181.3,181.5,2872.0
2020-04-01 05:42:00,181.85,182.25,180.9,181.3,7318.0
2020-04-01 05:41:00,182.75,182.75,181.3,181.85,9005.0
2020-04-01 05:40:00,182.4,182.8,182.4,182.65,2235.0
2020-04-01 05:39:00,182.5,183.0,182.2,182.4,5999.0
2020-04-01 05:38:00,183.65,183.65,182.0,182.45,7406.0
2020-04-01 05:37:00,183.8,184.0,183.2,183.5,8144.0
2020-04-01 05:36:00,183.5,184.0,183.3,183.8,13832.0
2020-04-01 05:35:00,180.65,184.0,180.55,183.5,35581.0
2020-04-01 05:34:00,179.5,181.0,179.0,181.0,21493.0
2020-04-01 05:33:00,179.7,179.9,178.9,179.5,34105.0
2020-04-01 05:32:00,174.7,179.5,174.2,179.2,24997.0
2020-04-01 05:31:00,176.6,176.6,173.4,173.4,2139.0
2020-04-01 05:30:00,176.95,177.0,176.55,176.8,1979.0
2020-04-01 05:29:00,174.5,177.0,174.5,176.5,2957.0
2020-04-01 05:28:00,174.0,174.5,173.95,174.5,319.0
2020-04-01 05:27:00,173.9,174.0,173.9,174.0,994.0
2020-04-01 05:26:00,173.75,174.0,173.75,173.75,1947.0
2020-04-01 05:25:00,171.05,174.0,171.05,173.75,7184.0
2020-04-01 05:24:00,171.1,171.1,171.0,171.1,264.0
2020-04-01 05:23:00,171.0,171.2,170.85,171.05,466.0
2020-04-01 05:22:00,170.85,171.65,170.85,171.0,376.0
2020-04-01 05:21:00,168.45,170.9,168.45,170.9,774.0
2020-04-01 05:20:00,168.35,168.55,168.35,168.55,22.0
2020-04-01 05:19:00,168.6,168.7,168.6,168.6,241.0
2020-04-01 05:18:00,169.6633,171.1892,168.5648,168.6629,1541.0
2020-04-01 05:17:00,169.7,169.75,169.6,169.6,114.0
2020-04-01 05:16:00,170.05,170.1,169.2,169.8,176.0
2020-04-01 05:15:00,170.5,170.55,170.1,170.1,286.0
2020-04-01 05:14:00,170.3,170.3,170.3,170.3,2.0
2020-04-01 05:13:00,171.2,171.2,170.3,170.3,124.0
2020-04-01 05:12:00,170.45,171.25,170.45,171.2,527.0
2020-04-01 05:11:00,168.95,170.0,168.95,170.0,821.0
2020-04-01 05:10:00,168.95,169.0,168.95,168.95,251.0
2020-04-01 05:09:00,170.05,170.85,168.55,168.95,1907.0
2020-04-01 05:08:00,167.9,170.05,167.75,170.05,980.0
2020-04-01 05:07:00,167.7,167.75,167.5,167.75,135.0
2020-04-01 05:06:00,167.7,167.7,167.45,167.7,28.0
2020-04-01 05:05:00,167.75,167.75,167.45,167.5,49.0
2020-04-01 05:04:00,167.4,167.75,167.4,167.75,303.0
2020-04-01 05:03:00,167.5,167.5,167.5,167.5,85.0
2020-04-01 05:02:00,167.75,167.75,167.45,167.45,15.0
2020-04-01 05:01:00,167.75,167.8,167.75,167.8,15.0
2020-04-01 05:00:00,166.8,167.65,166.75,167.65,225.0
2020-04-01 04:59:00,167.35,167.7,166.75,166.75,402.0
2020-04-01 04:58:00,167.0,167.85,167.0,167.85,86.0
2020-04-01 04:57:00,168.25,168.4,167.0,167.9,345.0
2020-04-01 04:56:00,167.85,168.4,167.85,168.4,65.0
2020-04-01 04:55:00,168.0,168.4,168.0,168.05,927.0
2020-04-01 04:54:00,167.0,167.95,167.0,167.95,178.0
2020-04-01 04:53:00,168.2,168.2,166.8,167.0,1340.0
2020-04-01 04:52:00,168.85,168.9,168.85,168.85,100.0
2020-04-01 04:51:00,168.85,169.0,168.85,168.85,27.0
2020-04-01 04:50:00,169.0,169.0,168.75,168.75,289.0
2020-04-01 04:49:00,169.45,169.45,169.0,169.05,111.0
2020-04-01 04:48:00,169.4,169.5,169.3,169.5,362.0
2020-04-01 04:47:00,171.0,171.0,169.0,169.1,1178.0
2020-04-01 04:46:00,171.15,171.3,169.95,170.55,1904.0
2020-04-01 04:45:00,171.35,171.35,171.35,171.35,0.0
2020-04-01 04:44:00,171.45,171.5,171.35,171.35,569.0
2020-04-01 04:43:00,171.6,171.6,171.6,171.6,52.0
2020-04-01 04:42:00,171.45,171.65,171.45,171.65,34.0
2020-04-01 04:41:00,171.5,171.5,171.35,171.35,117.0
2020-04-01 04:40:00,171.65,171.7,171.4,171.4,88.0
2020-04-01 04:39:00,171.65,171.8,171.55,171.75,83.0
2020-04-01 04:38:00,171.85,171.85,171.45,171.55,57.0
2020-04-01 04:37:00,171.65,171.95,171.4,171.85,974.0
2020-04-01 04:36:00,171.5,171.55,171.35,171.4,21.0
2020-04-01 04:35:00,171.65,171.65,170.75,171.55,251.0
2020-04-01 04:34:00,171.7,171.7,171.0,171.65,482.0
2020-04-01 04:33:00,171.2,171.8,171.2,171.7,286.0
2020-04-01 04:32:00,172.25,172.25,171.85,171.85,113.0
2020-04-01 04:31:00,172.65,172.65,172.25,172.25,108.0
2020-04-01 04:30:00,172.5,172.65,172.5,172.65,63.0
2020-04-01 04:29:00,172.9,172.9,172.25,172.45,104.0
2020-04-01 04:28:00,172.9,172.9,172.9,172.9,16.0
2020-04-01 04:27:00,172.95,172.95,172.95,172.95,37.0
2020-04-01 04:26:00,172.85,173.0,172.25,172.8,125.0
2020-04-01 04:25:00,172.5,173.0,172.5,173.0,776.0
2020-04-01 04:24:00,172.5,172.5,172.5,172.5,22.0
2020-04-01 04:23:00,172.5,172.5,172.4,172.5,38.0
2020-04-01 04:22:00,172.95,172.95,172.5,172.5,23.0
2020-04-01 04:21:00,173.5,173.5,172.55,172.95,202.0
2020-04-01 04:20:00,172.4,173.5,172.4,173.5,538.0
2020-04-01 04:19:00,173.0,173.5,173.0,173.5,278.0
2020-04-01 04:18:00,172.7,173.0,171.7,173.0,507.0
2020-04-01 04:17:00,173.25,173.25,172.7,172.7,33.0
2020-04-01 04:16:00,173.4,173.45,173.4,173.4,17.0
2020-04-01 04:15:00,173.55,173.55,172.9,172.9,17.0
2020-04-01 04:14:00,173.5,173.55,172.75,173.55,176.0
2020-04-01 04:13:00,172.75,173.5,172.75,173.15,433.0
2020-04-01 04:12:00,173.0,173.7,173.0,173.6,158.0
2020-04-01 04:11:00,173.5,173.5,173.0,173.0,75.0
2020-04-01 04:10:00,173.5,173.7,173.5,173.5,149.0
2020-04-01 04:09:00,173.5,173.5,173.5,173.5,5.0
2020-04-01 04:08:00,173.65,173.7,173.05,173.5,223.0
2020-04-01 04:07:00,173.0,173.0,173.0,173.0,72.0
2020-04-01 04:06:00,173.4,173.7,173.1,173.1,210.0
2020-04-01 04:05:00,173.7,173.7,172.85,173.4,2416.0
2020-04-01 04:04:00,173.55,173.7,173.55,173.7,102.0
2020-04-01 04:03:00,173.7,173.7,173.7,173.7,0.0
2020-04-01 04:02:00,173.5,173.5,173.45,173.45,407.0
2020-04-01 04:01:00,173.1,173.5,172.55,173.5,448.0
2020-04-01 04:00:00,173.7,173.7,173.1,173.1,431.0
2020-04-01 03:59:00,172.5,173.5,172.5,173.5,2472.0
2020-04-01 03:58:00,172.75,172.8,172.45,172.5,408.0
2020-04-01 03:57:00,173.0,173.65,172.7,172.7,4286.0
2020-04-01 03:56:00,173.4,173.65,173.25,173.25,286.0
2020-04-01 03:55:00,172.6,173.7,172.3,173.65,597.0
2020-04-01 03:54:00,172.15,172.6,172.15,172.6,733.0
2020-04-01 03:53:00,172.15,172.6,172.15,172.5,234.0
2020-04-01 03:52:00,173.4,173.4,171.65,172.25,1205.0
2020-04-01 03:51:00,174.7,174.7,173.5,173.85,9661.0
2020-04-01 03:50:00,172.3,172.3,172.0,172.0,85.0
2020-04-01 03:49:00,172.3,172.3,172.0,172.3,2703.0
2020-04-01 03:48:00,170.9,172.35,170.9,172.3,7409.0
2020-04-01 03:47:00,171.05,171.1,171.05,171.1,190.0
2020-04-01 03:46:00,171.35,171.35,170.95,171.05,479.0
2020-04-01 03:45:00,171.245,173.0609,171.1929,171.4451,1623.0
2020-04-01 03:44:00,171.25,171.4,171.1,171.4,118.0
2020-04-01 03:43:00,170.25,171.1,170.25,171.1,662.0
2020-04-01 03:42:00,170.7,171.1,170.3,171.05,209.0
2020-04-01 03:41:00,171.0,171.1,170.95,171.1,2425.0
2020-04-01 03:40:00,171.45,171.45,170.3,171.0,198.0
2020-04-01 03:39:00,171.5,171.5,171.1,171.45,629.0
2020-04-01 03:38:00,170.95,171.5,170.95,171.5,3784.0
2020-04-01 03:37:00,170.8,171.0,170.8,170.95,321.0
2020-04-01 03:36:00,169.85,171.0,169.8,170.8,1754.0
2020-04-01 03:35:00,169.15,169.8,169.15,169.8,127.0
2020-04-01 03:34:00,169.1,169.55,168.95,169.15,163.0
2020-04-01 03:33:00,168.7,169.75,168.2,169.75,379.0
2020-04-01 03:32:00,168.7,168.7,168.7,168.7,48.0
2020-04-01 03:31:00,168.75,168.75,168.75,168.75,12.0
2020-04-01 03:30:00,167.1,168.75,167.05,168.75,980.0
2020-04-01 03:29:00,167.25,167.25,167.25,167.25,14.0
2020-04-01 03:28:00,167.25,167.25,167.25,167.25,37.0
2020-04-01 03:27:00,167.9,167.9,167.3,167.3,128.0
2020-04-01 03:26:00,167.7,167.9,167.65,167.75,78.0
2020-04-01 03:25:00,167.65,167.65,167.65,167.65,0.0
2020-04-01 03:24:00,167.6,167.9,167.6,167.9,96.0
2020-04-01 03:23:00,168.25,168.25,167.9,167.9,39.0
2020-04-01 03:22:00,168.7,168.7,168.4,168.5,65.0
2020-04-01 03:21:00,168.75,168.75,168.5,168.7,174.0
2020-04-01 03:20:00,169.0,169.0,168.75,168.8,94.0
2020-04-01 03:19:00,167.05,169.4,167.0,169.15,2447.0
2020-04-01 03:18:00,167.2,167.2,167.0,167.05,92.0
2020-04-01 03:17:00,167.25,167.25,167.2,167.2,93.0
2020-04-01 03:16:00,167.0,167.3,167.0,167.25,72.0
2020-04-01 03:15:00,167.0,167.0,167.0,167.0,0.0
2020-04-01 03:14:00,166.5,166.95,166.5,166.95,94.0
2020-04-01 03:13:00,167.05,167.05,166.4,166.5,274.0
2020-04-01 03:12:00,167.2,167.25,167.1,167.1,56.0
2020-04-01 03:10:00,167.3,167.3,167.3,167.3,0.0
2020-04-01 03:09:00,167.45,167.45,167.2,167.4,280.0
2020-04-01 03:08:00,167.1,167.1,167.05,167.05,0.0
2020-04-01 03:07:00,166.4,166.4,166.4,166.4,57.0
2020-04-01 03:06:00,167.35,167.35,167.25,167.25,118.0
2020-04-01 03:05:00,167.25,167.45,167.25,167.45,74.0
2020-04-01 03:04:00,166.1,167.2,166.1,167.2,971.0
2020-04-01 03:03:00,166.05,166.1,166.05,166.1,64.0
2020-04-01 03:02:00,166.0,166.25,166.0,166.2,228.0
2020-04-01 03:00:00,166.45,166.5,166.45,166.5,2.0
2020-04-01 02:59:00,166.05,166.45,166.05,166.45,17.0
2020-04-01 02:58:00,166.25,166.25,166.25,166.25,2.0
2020-04-01 02:57:00,166.1,166.25,166.1,166.25,28.0
2020-04-01 02:56:00,166.3,166.3,166.05,166.05,283.0
2020-04-01 02:55:00,166.3,166.3,166.0,166.0,1925.0
2020-04-01 02:54:00,166.4,166.4,166.4,166.4,14.0
2020-04-01 02:53:00,166.4,166.4,166.4,166.4,5.0
2020-04-01 02:52:00,167.0,167.05,166.0,166.0,435.0
2020-04-01 02:51:00,167.05,167.05,167.0,167.0,337.0
2020-04-01 02:50:00,167.0,167.0,167.0,167.0,734.0
2020-04-01 02:49:00,167.05,167.1,167.0,167.1,47.0
2020-04-01 02:48:00,166.55,167.2,166.55,167.05,1923.0
2020-04-01 02:47:00,166.5,166.5,166.5,166.5,243.0
2020-04-01 02:46:00,166.55,166.7,166.5,166.5,51.0
2020-04-01 02:45:00,166.7,166.7,166.7,166.7,3.0
2020-04-01 02:43:00,166.7,166.7,166.7,166.7,5.0
2020-04-01 02:42:00,166.7,166.7,166.7,166.7,0.0
2020-04-01 02:41:00,166.5,166.75,166.5,166.75,239.0
2020-04-01 02:40:00,166.5,166.6,166.5,166.5,769.0
2020-04-01 02:39:00,166.5,166.55,166.15,166.55,420.0
2020-04-01 02:38:00,166.05,166.05,166.0,166.0,92.0
2020-04-01 02:37:00,166.05,166.05,166.0,166.0,73.0
2020-04-01 02:36:00,166.0,166.1,166.0,166.1,186.0
2020-04-01 02:35:00,166.0,166.05,166.0,166.0,31.0
2020-04-01 02:34:00,166.0,166.0,166.0,166.0,0.0
2020-04-01 02:33:00,166.0,166.05,166.0,166.0,455.0
2020-04-01 02:32:00,166.0,166.05,166.0,166.0,20.0
2020-04-01 02:31:00,166.15,166.2,166.0,166.0,310.0
2020-04-01 02:30:00,165.35,166.1,165.35,166.0,192.0
2020-04-01 02:29:00,165.35,165.35,165.35,165.35,16.0
2020-04-01 02:28:00,166.0,166.0,165.4,165.4,81.0
2020-04-01 02:27:00,165.15,166.0,165.15,166.0,1060.0
2020-04-01 02:25:00,165.2,165.2,165.2,165.2,40.0
2020-04-01 02:23:00,165.35,165.35,165.15,165.15,56.0
2020-04-01 02:22:00,165.4,165.55,165.35,165.35,90.0
2020-04-01 02:21:00,165.6,166.0,165.6,165.85,21.0
2020-04-01 02:20:00,165.45,165.8,165.45,165.65,15.0
2020-04-01 02:19:00,165.4,165.95,165.4,165.9,74.0
2020-04-01 02:18:00,165.75,166.0,165.35,165.35,263.0
2020-04-01 02:17:00,166.0,166.1,165.75,165.75,13.0
2020-04-01 02:16:00,166.15,166.3,165.8,165.95,18.0
2020-04-01 02:15:00,165.8,166.3,165.75,165.9,12.0
2020-04-01 02:14:00,166.1,166.1,165.75,165.75,27.0
2020-04-01 02:13:00,165.4,166.45,165.4,166.45,229.0
2020-04-01 02:12:00,165.5,165.5,165.35,165.4,17.0
2020-04-01 02:11:00,165.35,165.5,165.35,165.35,99.0
2020-04-01 02:09:00,165.5,165.55,165.15,165.15,241.0
2020-04-01 02:08:00,165.55,165.55,165.5,165.5,17.0
2020-04-01 02:07:00,165.6,165.9,165.55,165.6,18.0
2020-04-01 02:06:00,166.0,166.0,165.6,165.6,267.0
2020-04-01 02:05:00,166.05,166.05,166.0,166.0,186.0
2020-04-01 02:04:00,166.4,166.4,166.0,166.05,28.0
2020-04-01 02:03:00,167.15,167.15,166.65,166.65,23.0
2020-04-01 02:02:00,167.2,167.2,167.2,167.2,0.0
2020-04-01 02:01:00,166.45,167.2,166.45,166.65,854.0
2020-04-01 02:00:00,166.45,166.45,166.45,166.45,33.0
2020-04-01 01:59:00,166.6,166.6,166.2,166.4,0.0
2020-04-01 01:58:00,166.8,166.8,166.4,166.4,123.0
2020-04-01 01:57:00,166.1,166.1,166.1,166.1,4.0
2020-04-01 01:56:00,166.3,166.3,166.2,166.2,9.0
2020-04-01 01:55:00,166.5,166.8,166.2,166.8,373.0
2020-04-01 01:54:00,166.0,166.0,166.0,166.0,5.0
2020-04-01 01:53:00,165.45,165.55,165.45,165.55,115.0
2020-04-01 01:52:00,165.7,165.7,165.4,165.4,79.0
2020-04-01 01:51:00,165.7,165.7,165.7,165.7,11.0
2020-04-01 01:49:00,165.85,165.85,165.4,165.4,64.0
2020-04-01 01:48:00,165.35,165.9,165.35,165.4,92.0
2020-04-01 01:47:00,165.35,165.35,165.3,165.35,37.0
2020-04-01 01:46:00,165.65,165.7,165.35,165.35,74.0
2020-04-01 01:45:00,165.5,165.65,165.5,165.65,71.0
2020-04-01 01:44:00,165.35,165.35,165.1,165.1,33.0
2020-04-01 01:43:00,165.3,165.65,165.0,165.35,1644.0
2020-04-01 01:42:00,165.35,165.35,165.35,165.35,134.0
2020-04-01 01:41:00,165.05,165.35,165.05,165.1,109.0
2020-04-01 01:40:00,165.35,165.35,165.35,165.35,89.0
2020-04-01 01:38:00,165.35,165.5,165.35,165.5,149.0
2020-04-01 01:37:00,165.35,165.35,165.35,165.35,13.0
2020-04-01 01:35:00,165.1,165.35,165.1,165.35,44.0
2020-04-01 01:34:00,165.3,165.3,165.3,165.3,1.0
2020-04-01 01:33:00,165.3,165.3,165.3,165.3,0.0
2020-04-01 01:32:00,165.0,165.0,165.0,165.0,39.0
2020-04-01 01:31:00,165.0,165.0,165.0,165.0,1394.0
2020-04-01 01:30:00,165.35,165.35,165.0,165.0,260.0
2020-04-01 01:29:00,165.25,165.4,165.25,165.35,175.0
2020-04-01 01:28:00,165.25,165.25,165.25,165.25,0.0
2020-04-01 01:27:00,165.15,165.15,165.15,165.15,122.0
2020-04-01 01:26:00,165.0,165.0,165.0,165.0,655.0
2020-04-01 01:25:00,165.25,165.25,165.0,165.0,0.0
2020-04-01 01:24:00,165.0,165.0,165.0,165.0,452.0
2020-04-01 01:23:00,165.35,165.35,165.05,165.3,56.0
2020-04-01 01:21:00,165.35,165.35,165.35,165.35,0.0
2020-04-01 01:20:00,165.15,165.35,165.15,165.35,28.0
2020-04-01 01:19:00,165.15,165.35,165.15,165.35,158.0
2020-04-01 01:17:00,165.1,165.1,165.1,165.1,26.0
2020-04-01 01:15:00,165.25,165.25,165.05,165.05,18.0
2020-04-01 01:14:00,165.05,165.05,165.05,165.05,0.0
2020-04-01 01:13:00,165.35,165.35,165.0,165.25,210.0
2020-04-01 01:12:00,165.2,165.35,165.2,165.35,173.0
2020-04-01 01:11:00,165.0,165.05,165.0,165.05,0.0
2020-04-01 01:10:00,165.0,165.0,165.0,165.0,1370.0
2020-04-01 01:09:00,165.6,165.6,165.0,165.0,895.0
2020-04-01 01:08:00,165.45,165.6,165.45,165.6,130.0
2020-04-01 01:07:00,165.4,165.6,165.4,165.4,351.0
2020-04-01 01:06:00,165.4,165.6,165.4,165.4,45.0
2020-04-01 01:05:00,165.7,166.0,165.4,165.4,284.0
2020-04-01 01:04:00,165.7,166.0,165.7,165.7,85.0
2020-04-01 01:03:00,165.9,165.9,165.7,165.7,59.0
2020-04-01 01:02:00,165.35,166.0,165.35,165.7,70.0
2020-04-01 01:01:00,165.35,165.4,165.35,165.4,122.0
2020-04-01 01:00:00,166.0,166.0,165.3,165.35,84.0
2020-04-01 00:59:00,165.4,165.4,165.35,165.35,54.0
2020-04-01 00:58:00,165.6,165.8,165.4,165.4,458.0
2020-04-01 00:57:00,165.7,165.7,165.6,165.6,57.0
2020-04-01 00:56:00,165.6,165.7,165.5,165.6,205.0
2020-04-01 00:55:00,165.65,165.65,165.5,165.5,119.0
2020-04-01 00:54:00,165.5,165.7,165.5,165.65,28.0
2020-04-01 00:53:00,165.45,165.45,165.45,165.45,72.0
2020-04-01 00:52:00,165.7,165.7,165.25,165.45,727.0
2020-04-01 00:51:00,166.75,166.75,166.3,166.3,142.0
2020-04-01 00:50:00,166.75,167.3,166.75,167.0,626.0
2020-04-01 00:49:00,165.8,166.25,165.8,166.25,339.0
2020-04-01 00:48:00,165.8,165.8,165.8,165.8,1.0
2020-04-01 00:47:00,165.4,165.9,165.4,165.55,102.0
2020-04-01 00:46:00,165.55,165.55,165.25,165.25,63.0
2020-04-01 00:45:00,165.8,165.8,165.35,165.35,0.0
2020-04-01 00:44:00,165.3,165.45,165.3,165.45,440.0
2020-04-01 00:43:00,165.4,165.45,165.4,165.45,50.0
2020-04-01 00:42:00,165.25,165.6,165.25,165.6,45.0
2020-04-01 00:41:00,164.85,165.25,164.85,165.25,7.0
2020-04-01 00:40:00,164.8,164.8,164.8,164.8,159.0
2020-04-01 00:39:00,164.65,165.2,164.65,164.8,237.0
2020-04-01 00:38:00,164.4,164.6,164.4,164.6,0.0
2020-04-01 00:37:00,163.85,164.75,163.85,164.4,859.0
2020-04-01 00:36:00,164.0,164.0,164.0,164.0,1977.0
2020-04-01 00:35:00,164.0,164.0,164.0,164.0,801.0
2020-04-01 00:34:00,164.0,164.0,163.8,164.0,163.0
2020-04-01 00:33:00,163.3,164.0,163.3,164.0,323.0
2020-04-01 00:32:00,164.6,164.95,163.95,163.95,1695.0
2020-04-01 00:31:00,166.2,166.3,166.15,166.3,245.0
2020-04-01 00:30:00,166.2,166.2,166.15,166.15,73.0
2020-04-01 00:29:00,166.15,166.15,166.15,166.15,36.0
2020-04-01 00:28:00,165.9,166.5,165.35,165.35,299.0
2020-04-01 00:27:00,164.25,165.95,164.2,165.95,190.0
2020-04-01 00:26:00,164.95,166.25,164.0,164.7,1874.0
2020-04-01 00:25:00,168.1,168.3,164.25,165.0,4363.0
2020-04-01 00:24:00,168.25,168.5,168.25,168.3,173.0
2020-04-01 00:23:00,166.55,167.0,166.55,166.55,610.0
2020-04-01 00:22:00,167.15,167.15,166.5,166.55,299.0
2020-04-01 00:21:00,168.35,168.35,167.55,167.55,1061.0
2020-04-01 00:20:00,168.45,168.45,168.35,168.35,22.0
2020-04-01 00:19:00,169.05,169.05,169.0,169.0,98.0
2020-04-01 00:18:00,169.5,169.55,169.5,169.55,20.0
2020-04-01 00:17:00,169.2,169.5,169.2,169.5,288.0
2020-04-01 00:16:00,169.45,169.45,169.45,169.45,68.0
2020-04-01 00:15:00,169.7,169.7,169.25,169.3,166.0
2020-04-01 00:14:00,169.8,169.8,169.75,169.75,0.0
2020-04-01 00:13:00,169.75,169.75,169.75,169.75,112.0
2020-04-01 00:12:00,169.45,169.45,169.4,169.4,34.0
2020-04-01 00:11:00,169.45,169.45,169.45,169.45,98.0
2020-04-01 00:10:00,169.2,169.4,169.2,169.35,110.0
2020-04-01 00:09:00,169.1,169.3,169.1,169.1,195.0
2020-04-01 00:08:00,169.4,169.4,169.05,169.35,143.0
2020-04-01 00:07:00,169.6,169.6,169.05,169.05,77.0
2020-04-01 00:06:00,168.5,169.25,168.5,169.25,80.0
2020-04-01 00:05:00,169.0,169.05,169.0,169.05,303.0
2020-04-01 00:04:00,169.1,169.1,169.0,169.0,0.0
2020-04-01 00:03:00,168.45,170.0,168.45,170.0,967.0
2020-04-01 00:02:00,168.45,168.45,168.35,168.35,0.0
2020-04-01 00:01:00,168.35,168.45,168.35,168.45,358.0
2020-04-01 00:00:00,168.46,168.56,168.21,168.46,286.0
2020-03-31 23:59:00,168.45,168.45,168.1,168.45,641.0
2020-03-31 23:58:00,168.45,168.45,168.4,168.45,330.0
2020-03-31 23:57:00,168.15,168.6,167.6,168.4,696.0
2020-03-31 23:56:00,170.9,170.9,167.0,168.0,5235.0
2020-03-31 23:55:00,171.4,171.45,170.5,170.85,5781.0
2020-03-31 23:54:00,171.4,171.4,171.3,171.4,179.0
2020-03-31 23:53:00,171.4,171.4,171.25,171.4,247.0
2020-03-31 23:52:00,171.1,171.75,171.1,171.4,711.0
2020-03-31 23:51:00,171.1,171.1,171.0,171.0,362.0
2020-03-31 23:50:00,171.15,171.2,171.0,171.0,655.0
2020-03-31 23:49:00,171.0,171.1,171.0,171.0,680.0
2020-03-31 23:48:00,171.85,171.85,171.0,171.0,3724.0
2020-03-31 23:47:00,172.0,172.05,171.55,171.55,1122.0
2020-03-31 23:46:00,172.6,172.65,171.7,171.7,820.0
2020-03-31 23:45:00,171.0,172.65,171.0,172.65,0.0
2020-03-31 05:59:00,168.05,169.55,168.05,168.2,1051.0
2020-03-31 05:58:00,170.0,170.0,168.0,168.0,1331.0
2020-03-31 05:57:00,169.9,170.0,169.85,170.0,2056.0
2020-03-31 05:56:00,169.55,170.0,169.55,169.95,1424.0
2020-03-31 05:55:00,169.75,170.0,168.0,169.55,1670.0
2020-03-31 05:54:00,168.5,170.0,168.25,169.7,7490.0
2020-03-31 05:53:00,168.05,168.5,168.05,168.2,2570.0
2020-03-31 05:52:00,168.1,168.15,168.05,168.1,1616.0
2020-03-31 05:51:00,168.2,168.2,168.05,168.05,930.0
2020-03-31 05:50:00,168.2,168.2,168.15,168.2,960.0
2020-03-31 05:49:00,168.15,168.2,167.05,168.0,862.0
2020-03-31 05:48:00,168.2,168.2,168.15,168.15,827.0
2020-03-31 05:47:00,167.35,168.7,167.35,168.2,1708.0
2020-03-31 05:46:00,167.2,167.2,167.2,167.2,1526.0
2020-03-31 05:45:00,167.7,167.7,167.0,167.15,3337.0
2020-03-31 05:44:00,167.65,167.7,167.65,167.7,584.0
2020-03-31 05:43:00,167.65,167.7,167.65,167.7,865.0
2020-03-31 05:42:00,167.8,167.8,167.55,167.65,770.0
2020-03-31 05:41:00,168.0,168.0,167.0,167.8,1684.0
2020-03-31 05:40:00,167.4,168.3,167.35,168.3,1110.0
2020-03-31 05:39:00,168.0,168.0,167.0,167.4,1251.0
2020-03-31 05:38:00,168.0,168.0,167.95,168.0,824.0
2020-03-31 05:37:00,167.85,168.0,167.85,168.0,1093.0
2020-03-31 05:36:00,167.85,168.0,167.5,167.85,1455.0
2020-03-31 05:35:00,167.0,167.2,166.45,167.2,2701.0
2020-03-31 05:34:00,167.95,168.8,167.0,167.0,2776.0
2020-03-31 05:33:00,168.0,168.9,167.95,168.05,885.0
2020-03-31 05:32:00,167.95,168.0,167.85,167.85,1105.0
2020-03-31 05:31:00,168.0,169.0,167.85,168.0,1302.0
2020-03-31 05:30:00,168.9,168.9,167.0,168.0,4310.0
2020-03-31 05:29:00,168.95,169.0,168.9,169.0,257.0
2020-03-31 05:28:00,169.0,169.0,168.95,168.95,580.0
2020-03-31 05:27:00,168.85,169.0,168.85,169.0,2018.0
2020-03-31 05:26:00,169.0,169.0,168.7,168.85,232.0
2020-03-31 05:25:00,168.95,169.0,168.9,169.0,224.0
2020-03-31 05:24:00,169.3,169.4,169.0,169.0,671.0
2020-03-31 05:23:00,168.9,169.3,168.9,169.3,349.0
2020-03-31 05:22:00,169.0,169.0,168.7,168.9,124.0
2020-03-31 05:21:00,169.1,169.4,169.0,169.0,180.0
2020-03-31 05:20:00,169.0,169.3,169.0,169.3,160.0
2020-03-31 05:19:00,169.4,169.4,168.05,169.0,422.0
2020-03-31 05:18:00,169.35,169.35,168.5,168.5,99.0
2020-03-31 05:17:00,169.4,169.4,169.35,169.4,281.0
2020-03-31 05:16:00,168.9,169.65,168.9,169.2,482.0
2020-03-31 05:15:00,168.4,168.9,168.05,168.9,156.0
2020-03-31 05:14:00,168.0,168.85,166.8,168.8,3442.0
2020-03-31 05:13:00,169.85,169.9,167.95,168.0,2911.0
2020-03-31 05:12:00,169.55,169.9,169.55,169.85,436.0
2020-03-31 05:11:00,169.2,169.45,169.2,169.45,45.0
2020-03-31 05:10:00,169.1,169.95,169.05,169.95,466.0
2020-03-31 05:09:00,169.5,170.0,169.5,169.6,3248.0
2020-03-31 05:08:00,169.5,170.0,169.45,169.45,1003.0
2020-03-31 05:07:00,169.0,170.0,168.0,170.0,4588.0
2020-03-31 05:06:00,169.9,169.9,169.0,169.0,1657.0
2020-03-31 05:05:00,169.95,170.0,169.85,169.9,459.0
2020-03-31 05:04:00,169.95,170.0,169.95,170.0,238.0
2020-03-31 05:03:00,169.95,170.0,169.9,170.0,387.0
2020-03-31 05:02:00,169.95,170.0,169.9,169.9,275.0
2020-03-31 05:01:00,170.0,170.0,169.9,169.9,353.0
2020-03-31 05:00:00,169.95,170.0,169.9,170.0,317.0
2020-03-31 04:59:00,169.85,169.95,169.85,169.95,149.0
2020-03-31 04:58:00,169.95,169.95,169.85,169.85,121.0
2020-03-31 04:57:00,169.95,169.95,169.3,169.95,140.0
2020-03-31 04:56:00,170.0,170.0,169.9,169.9,991.0
2020-03-31 04:55:00,170.0,170.0,169.95,170.0,322.0
2020-03-31 04:54:00,169.95,170.0,169.1,170.0,872.0
2020-03-31 04:53:00,169.95,170.0,169.95,170.0,1502.0
2020-03-31 04:52:00,169.9,169.9,169.05,169.9,193.0
2020-03-31 04:51:00,169.9,169.9,169.85,169.9,127.0
2020-03-31 04:50:00,169.9,169.9,169.0,169.4,294.0
2020-03-31 04:49:00,169.9,169.9,169.85,169.85,180.0
2020-03-31 04:48:00,169.8,169.9,169.8,169.9,301.0
2020-03-31 04:47:00,169.5,169.9,169.4,169.7,753.0
2020-03-31 04:46:00,169.3,169.45,169.25,169.45,109.0
2020-03-31 04:45:00,169.3,169.3,169.25,169.3,143.0
2020-03-31 04:44:00,169.25,169.45,169.1,169.3,265.0
2020-03-31 04:43:00,169.35,169.35,169.25,169.3,247.0
2020-03-31 04:42:00,169.35,169.35,169.2,169.35,192.0
2020-03-31 04:41:00,168.8,169.0,168.4,169.0,141.0
2020-03-31 04:40:00,168.8,168.9,168.8,168.9,247.0
2020-03-31 04:39:00,168.9,168.9,168.9,168.9,119.0
2020-03-31 04:38:00,168.75,169.0,168.35,168.9,90.0
2020-03-31 04:37:00,168.25,169.05,168.25,168.65,251.0
2020-03-31 04:36:00,168.5,169.3,168.3,169.3,355.0
2020-03-31 04:35:00,168.5,169.35,168.0,168.5,838.0
2020-03-31 04:34:00,168.0,168.8,167.5,168.8,231.0
2020-03-31 04:33:00,169.2945,170.991,167.6085,168.5443,1935.0
2020-03-31 04:32:00,169.0,169.35,169.0,169.3,299.0
2020-03-31 04:31:00,169.0,169.0,168.9,169.0,419.0
2020-03-31 04:30:00,168.0,169.0,168.0,169.0,342.0
2020-03-31 04:29:00,167.7,168.0,167.7,168.0,0.0
2020-03-31 04:28:00,167.55,167.9,167.5,167.9,127.0
2020-03-31 04:27:00,167.6,167.9,167.2,167.9,260.0
2020-03-31 04:26:00,167.55,167.6,167.55,167.55,194.0
2020-03-31 04:25:00,167.5,167.5,167.45,167.45,0.0
2020-03-31 04:24:00,167.1,167.9,167.1,167.9,693.0
2020-03-31 04:23:00,167.0,167.3,166.7,167.25,195.0
2020-03-31 04:22:00,167.05,167.05,166.7,167.0,113.0
2020-03-31 04:21:00,166.9,167.35,166.8,167.35,35.0
2020-03-31 04:20:00,167.6,167.6,166.65,166.65,189.0
2020-03-31 04:19:00,166.4,167.7,166.35,167.7,369.0
2020-03-31 04:18:00,167.45,167.7,166.3,166.4,2383.0
2020-03-31 04:17:00,167.75,167.75,167.4,167.55,0.0
2020-03-31 04:16:00,167.25,167.35,167.0,167.0,2017.0
2020-03-31 04:15:00,167.5,167.5,167.2,167.3,57.0
2020-03-31 04:14:00,167.0,167.95,167.0,167.5,297.0
2020-03-31 04:13:00,167.0,167.95,166.95,167.0,834.0
2020-03-31 04:12:00,167.0,167.9,167.0,167.0,1475.0
2020-03-31 04:11:00,167.9,167.9,167.05,167.35,2338.0
2020-03-31 04:10:00,168.0,168.0,167.9,167.9,425.0
2020-03-31 04:09:00,168.0,168.0,167.95,168.0,927.0
2020-03-31 04:08:00,169.4,169.4,168.0,168.0,1739.0
2020-03-31 04:07:00,169.45,169.5,169.35,169.4,32.0
2020-03-31 04:06:00,169.5,169.5,169.25,169.35,73.0
2020-03-31 04:05:00,169.35,169.5,169.35,169.35,65.0
2020-03-31 04:04:00,169.3,169.5,169.15,169.5,74.0
2020-03-31 04:03:00,169.2,169.95,169.2,169.35,405.0
2020-03-31 04:02:00,168.85,169.3,168.85,169.3,272.0
2020-03-31 04:01:00,170.0549,171.6541,169.5842,169.9049,2465.0
2020-03-31 04:00:00,169.26,170.1,169.15,170.01,2119.0
2020-03-31 03:59:00,169.25,169.35,169.15,169.35,78.0
2020-03-31 03:58:00,169.1,169.1,169.0,169.0,27.0
2020-03-31 03:57:00,168.7,168.7,168.7,168.7,72.0
2020-03-31 03:56:00,169.85,169.85,168.85,168.85,195.0
2020-03-31 03:55:00,169.75,169.85,169.75,169.85,1459.0
2020-03-31 03:54:00,169.75,169.75,169.65,169.7,770.0
2020-03-31 03:53:00,169.35,169.5,169.3,169.5,413.0
2020-03-31 03:52:00,168.95,169.5,168.9,169.3,831.0
2020-03-31 03:51:00,168.8,168.95,168.8,168.95,28.0
2020-03-31 03:50:00,169.0,169.0,168.8,168.8,79.0
2020-03-31 03:49:00,168.8,169.0,168.65,169.0,48.0
2020-03-31 03:48:00,169.05,169.05,168.65,168.65,185.0
2020-03-31 03:47:00,169.0,169.0,169.0,169.0,124.0
2020-03-31 03:46:00,169.15,169.25,168.65,168.65,1277.0
2020-03-31 03:45:00,169.0,169.15,169.0,169.0,132.0
2020-03-31 03:44:00,168.8,168.8,168.8,168.8,5.0
2020-03-31 03:43:00,168.85,168.85,168.6,168.6,42.0
2020-03-31 03:42:00,169.1,169.1,168.6,168.6,75.0
2020-03-31 03:41:00,169.2,169.25,168.75,168.75,113.0
2020-03-31 03:40:00,169.0,169.35,169.0,169.2,35.0
2020-03-31 03:39:00,169.1,169.8,168.6,169.8,73.0
2020-03-31 03:38:00,169.35,169.35,169.0,169.0,56.0
2020-03-31 03:37:00,168.95,169.9,168.2,168.9,403.0
2020-03-31 03:36:00,169.05,169.05,168.9,168.9,340.0
2020-03-31 03:35:00,169.25,169.35,169.0,169.0,215.0
2020-03-31 03:34:00,169.25,169.3,169.2,169.2,70.0
2020-03-31 03:33:00,169.0,169.3,168.5,169.3,927.0
2020-03-31 03:32:00,169.0,169.25,169.0,169.0,141.0
2020-03-31 03:31:00,167.95,169.45,167.95,169.0,344.0
2020-03-31 03:30:00,169.5,170.0,168.0,168.0,4581.0
2020-03-31 03:29:00,172.55,172.55,169.35,170.0,7339.0
2020-03-31 03:28:00,172.55,172.85,172.55,172.55,612.0
2020-03-31 03:27:00,170.7,173.0,170.7,173.0,1076.0
2020-03-31 03:26:00,170.1,171.4,170.1,171.4,73.0
2020-03-31 03:25:00,170.0,171.4,169.7,170.1,5190.0
2020-03-31 03:24:00,170.0,170.0,169.85,169.95,65.0
2020-03-31 03:23:00,169.85,170.0,169.85,169.85,0.0
2020-03-31 03:22:00,169.85,170.0,169.8,170.0,5870.0
2020-03-31 03:21:00,169.65,170.0,169.6,169.85,2018.0
2020-03-31 03:20:00,169.45,169.45,169.35,169.35,24.0
2020-03-31 03:19:00,169.35,169.35,169.35,169.35,32.0
2020-03-31 03:18:00,169.7,169.7,169.35,169.35,0.0
2020-03-31 03:17:00,169.65,169.7,169.35,169.35,297.0
2020-03-31 03:16:00,169.7,169.7,169.35,169.55,93.0
2020-03-31 03:15:00,169.35,169.35,169.0,169.35,105.0
2020-03-31 03:14:00,169.55,169.55,169.1,169.35,98.0
2020-03-31 03:13:00,169.4,169.4,169.0,169.0,25.0
2020-03-31 03:12:00,169.0,169.85,169.0,169.35,663.0
2020-03-31 03:11:00,168.95,169.8,168.95,169.8,878.0
2020-03-31 03:10:00,168.95,169.0,168.9,169.0,969.0
2020-03-31 03:09:00,168.95,168.95,168.5,168.95,98.0
2020-03-31 03:08:00,169.0,169.0,168.9,168.95,0.0
2020-03-31 03:07:00,169.0,169.0,168.9,169.0,249.0
2020-03-31 03:06:00,169.0,169.0,168.9,169.0,611.0
2020-03-31 03:05:00,169.65,169.8,169.0,169.0,2079.0
2020-03-31 03:04:00,169.95,169.95,169.5,169.65,702.0
2020-03-31 03:01:00,169.25,169.25,169.25,169.25,5.0
2020-03-31 03:00:00,169.16,169.3,169.15,169.21,183.0
2020-03-31 02:59:00,169.05,169.15,169.05,169.15,62.0
2020-03-31 02:58:00,169.1,169.2,169.1,169.2,28.0
2020-03-31 02:57:00,169.35,169.35,169.05,169.05,139.0
2020-03-31 02:56:00,169.45,169.7,169.1,169.1,69.0
2020-03-31 02:55:00,170.0,170.0,169.3,169.45,596.0
2020-03-31 02:54:00,169.6,169.6,169.3,169.3,47.0
2020-03-31 02:53:00,169.5,170.0,169.35,169.5,170.0
2020-03-31 02:52:00,169.7,169.85,169.35,169.85,288.0
2020-03-31 02:51:00,170.0,170.0,169.5,169.5,190.0
2020-03-31 02:50:00,170.0,170.0,169.5,170.0,195.0
2020-03-31 02:49:00,169.85,169.85,169.5,169.5,283.0
2020-03-31 02:48:00,169.85,169.85,169.65,169.7,31.0
2020-03-31 02:47:00,170.0,170.0,169.65,169.65,1178.0
2020-03-31 02:46:00,170.0,170.0,169.55,169.65,271.0
2020-03-31 02:45:00,170.0,170.0,169.55,169.55,85.0
2020-03-31 02:44:00,170.0,170.0,169.7,169.85,168.0
2020-03-31 02:43:00,169.7,170.0,169.7,169.7,321.0
2020-03-31 02:42:00,170.0,170.0,169.5,170.0,1791.0
2020-03-31 02:41:00,170.0,170.0,169.5,169.5,78.0
2020-03-31 02:40:00,169.75,170.0,169.4,169.4,639.0
2020-03-31 02:39:00,169.65,169.75,169.45,169.45,79.0
2020-03-31 02:38:00,169.55,170.0,169.55,169.55,43.0
2020-03-31 02:37:00,169.45,170.0,169.45,169.45,206.0
2020-03-31 02:36:00,169.75,170.0,169.45,169.45,178.0
2020-03-31 02:35:00,169.95,170.0,169.35,169.45,137.0
2020-03-31 02:34:00,169.8,169.95,169.25,169.35,348.0
2020-03-31 02:33:00,169.2,169.95,169.2,169.8,158.0
2020-03-31 02:32:00,169.65,169.95,169.5,169.9,103.0
2020-03-31 02:31:00,169.35,169.65,169.15,169.65,93.0
2020-03-31 02:30:00,168.5,169.35,168.5,169.0,113.0
2020-03-31 02:29:00,168.25,169.35,168.25,168.4,208.0
2020-03-31 02:28:00,169.35,169.35,168.65,168.65,15.0
2020-03-31 02:27:00,170.0333,171.3379,169.3222,169.3832,5350.0
2020-03-31 02:26:00,169.45,169.45,169.35,169.45,56.0
2020-03-31 02:25:00,169.85,170.0,169.35,169.35,51.0
2020-03-31 02:24:00,169.7,169.85,169.7,169.85,150.0
2020-03-31 02:23:00,169.9,170.0,169.7,169.7,534.0
2020-03-31 02:22:00,169.8,170.0,169.75,170.0,816.0
2020-03-31 02:21:00,169.9,169.95,169.45,169.7,85.0
2020-03-31 02:20:00,169.8,169.9,169.35,169.35,237.0
2020-03-31 02:19:00,169.9,170.0,169.7,169.7,137.0
2020-03-31 02:18:00,169.75,170.0,169.75,169.85,164.0
2020-03-31 02:17:00,169.4,170.0,169.4,170.0,741.0
2020-03-31 02:16:00,169.3,170.0,169.3,170.0,368.0
2020-03-31 02:15:00,168.6,169.3,168.6,169.3,148.0
2020-03-31 02:14:00,168.4,168.4,168.35,168.4,179.0
2020-03-31 02:13:00,168.55,168.55,168.2,168.45,266.0
2020-03-31 02:12:00,168.4,168.55,168.4,168.55,0.0
2020-03-31 02:11:00,168.55,168.55,167.9,168.2,498.0
2020-03-31 02:10:00,167.5,168.65,167.5,168.55,172.0
2020-03-31 02:09:00,169.3,169.75,167.5,167.5,3437.0
2020-03-31 02:08:00,168.0,169.3,167.65,169.3,986.0
2020-03-31 02:07:00,168.65,169.75,168.4,169.7,62.0
2020-03-31 02:06:00,169.6,169.6,168.0,169.35,2779.0
2020-03-31 02:05:00,170.0,170.0,169.45,169.45,175.0
2020-03-31 02:04:00,170.0,170.0,169.6,169.75,255.0
2020-03-31 02:03:00,169.55,170.0,169.55,169.75,90.0
2020-03-31 02:02:00,169.35,170.0,169.35,169.5,77.0
2020-03-31 02:01:00,169.7,169.95,169.35,169.95,157.0
2020-03-31 02:00:00,169.41,169.71,168.91,169.61,102.0
2020-03-31 01:59:00,169.5,169.5,169.0,169.0,2199.0
2020-03-31 01:58:00,169.35,169.5,169.35,169.5,73.0
2020-03-31 01:57:00,169.35,169.4,169.2,169.35,115.0
2020-03-31 01:56:00,169.35,169.35,169.2,169.2,36.0
2020-03-31 01:55:00,169.55,169.6,169.35,169.35,298.0
2020-03-31 01:54:00,169.6,169.65,169.55,169.55,55.0
2020-03-31 01:53:00,169.8,170.0,169.5,169.9,476.0
2020-03-31 01:52:00,170.55,170.55,170.0,170.0,1390.0
2020-03-31 01:51:00,170.95,170.95,170.15,170.3,34.0
2020-03-31 01:50:00,170.55,170.95,170.1,170.95,78.0
2020-03-31 01:49:00,170.1,170.1,170.1,170.1,46.0
2020-03-31 01:48:00,171.05,171.05,170.05,170.05,0.0
2020-03-31 01:47:00,170.8,171.0,170.8,171.0,281.0
2020-03-31 01:46:00,170.4,171.0,170.4,171.0,120.0
2020-03-31 01:45:00,170.4,171.0,170.1,171.0,27.0
2020-03-31 01:44:00,169.95,170.25,169.95,170.25,1437.0
2020-03-31 01:43:00,170.0,170.0,169.95,169.95,463.0
2020-03-31 01:42:00,171.6,171.65,169.85,170.0,2719.0
2020-03-31 01:41:00,171.65,171.65,171.55,171.65,78.0
2020-03-31 01:40:00,171.75,171.75,171.55,171.6,34.0
2020-03-31 01:39:00,171.55,171.55,171.5,171.55,30.0
2020-03-31 01:38:00,171.75,171.75,171.5,171.5,175.0
2020-03-31 01:37:00,171.8,172.0,171.75,171.75,1083.0
2020-03-31 01:36:00,171.7,172.0,171.7,171.75,1114.0
2020-03-31 01:35:00,172.0,172.0,171.6,171.6,1445.0
2020-03-31 01:34:00,171.8,172.0,171.8,171.9,69.0
2020-03-31 01:33:00,171.8,171.8,171.75,171.75,50.0
2020-03-31 01:32:00,171.85,171.85,171.75,171.75,39.0
2020-03-31 01:31:00,171.75,171.75,171.7,171.75,45.0
2020-03-31 01:30:00,171.75,171.75,171.7,171.7,47.0
2020-03-31 01:29:00,171.75,171.75,171.65,171.65,42.0
2020-03-31 01:28:00,171.55,172.0,171.55,171.65,83.0
2020-03-31 01:27:00,171.45,172.0,171.3,172.0,153.0
2020-03-31 01:26:00,171.45,171.45,171.25,171.3,33.0
2020-03-31 01:25:00,171.95,171.95,171.25,171.25,96.0
2020-03-31 01:24:00,171.9,171.9,171.2,171.2,238.0
2020-03-31 01:23:00,171.25,171.3,171.25,171.25,47.0
2020-03-31 01:22:00,171.95,171.95,171.25,171.25,105.0
2020-03-31 01:21:00,171.35,171.35,171.35,171.35,56.0
2020-03-31 01:20:00,171.55,171.55,171.2,171.2,60.0
2020-03-31 01:19:00,171.5,171.5,171.35,171.35,0.0
2020-03-31 01:18:00,171.35,172.0,171.35,172.0,139.0
2020-03-31 01:17:00,171.6,171.6,171.15,171.15,57.0
2020-03-31 01:16:00,171.8,171.85,171.6,171.6,65.0
2020-03-31 01:15:00,171.75,171.85,171.75,171.85,43.0
2020-03-31 01:14:00,172.0,172.0,171.6,172.0,158.0
2020-03-31 01:13:00,172.0,172.0,171.7,171.7,0.0
2020-03-31 01:12:00,172.8,172.9,171.05,172.0,345.0
2020-03-31 01:11:00,172.9,172.9,172.5,172.75,113.0
2020-03-31 01:10:00,173.0,173.0,171.95,173.0,657.0
2020-03-31 01:09:00,171.75,171.95,171.75,171.95,42.0
2020-03-31 01:08:00,171.0,172.85,171.0,172.85,225.0
2020-03-31 01:07:00,171.9,172.0,170.15,171.0,3482.0
2020-03-31 01:06:00,172.5,172.6,172.0,172.0,382.0
2020-03-31 01:05:00,172.25,172.3,172.25,172.25,100.0
2020-03-31 01:04:00,172.1,172.25,172.05,172.1,58.0
2020-03-31 01:03:00,172.7,172.7,172.0,172.0,123.0
2020-03-31 01:02:00,172.9,172.9,172.7,172.7,98.0
2020-03-31 01:01:00,172.9,172.9,172.6,172.9,215.0
2020-03-31 01:00:00,172.4,172.4,172.4,172.4,55.0
2020-03-31 00:59:00,172.45,172.45,172.45,172.45,0.0
2020-03-31 00:58:00,172.55,172.9,172.2,172.9,167.0
2020-03-31 00:57:00,172.4,172.4,172.2,172.2,17.0
2020-03-31 00:56:00,172.4,172.4,172.0,172.2,84.0
2020-03-31 00:55:00,172.35,172.35,172.3,172.3,35.0
2020-03-31 00:54:00,172.1,172.25,172.1,172.25,92.0
2020-03-31 00:53:00,172.0,172.35,172.0,172.35,80.0
2020-03-31 00:52:00,172.65,172.65,172.0,172.0,32.0
2020-03-31 00:51:00,172.9,172.9,172.9,172.9,119.0
2020-03-31 00:50:00,172.35,172.35,172.3,172.3,54.0
2020-03-31 00:49:00,173.0,173.0,172.0,172.9,328.0
2020-03-31 00:48:00,173.15,173.15,173.0,173.0,80.0
2020-03-31 00:47:00,173.0,173.1,173.0,173.1,121.0
2020-03-31 00:46:00,173.0,173.15,173.0,173.0,91.0
2020-03-31 00:45:00,173.0,173.15,173.0,173.0,199.0
2020-03-31 00:44:00,173.35,173.5,173.2,173.2,158.0
2020-03-31 00:43:00,173.0,173.5,173.0,173.15,427.0
2020-03-31 00:42:00,172.55,172.7,172.2,172.7,655.0
2020-03-31 00:41:00,172.4,172.5,172.05,172.5,130.0
2020-03-31 00:40:00,171.8,172.4,171.8,172.4,34.0
2020-03-31 00:39:00,172.1,172.4,171.7,172.4,13.0
2020-03-31 00:38:00,171.7,172.0,171.7,171.7,74.0
2020-03-31 00:37:00,172.4,172.4,171.7,171.7,68.0
2020-03-31 00:36:00,172.3,172.55,172.1,172.55,119.0
2020-03-31 00:35:00,171.65,171.65,171.65,171.65,34.0
2020-03-31 00:34:00,171.35,172.55,171.35,172.55,50.0
2020-03-31 00:33:00,171.3,171.3,171.0,171.3,245.0
2020-03-31 00:32:00,171.4,171.45,171.4,171.4,39.0
2020-03-31 00:31:00,171.75,172.2,171.3,172.2,113.0
2020-03-31 00:30:00,172.15,172.6,171.7,171.75,39.0
2020-03-31 00:29:00,172.6,172.6,171.45,172.6,120.0
2020-03-31 00:28:00,172.45,172.6,171.2,172.6,534.0
2020-03-31 00:27:00,172.6,172.6,172.2,172.45,275.0
2020-03-31 00:26:00,170.0,172.1,170.0,172.1,1813.0
2020-03-31 00:25:00,171.7,172.65,171.4,172.65,64.0
2020-03-31 00:24:00,172.0,172.0,171.3,171.35,300.0
2020-03-31 00:23:00,172.4,172.7,172.1,172.7,73.0
2020-03-31 00:22:00,172.7,172.7,171.45,172.0,1147.0
2020-03-31 00:21:00,172.85,172.85,172.05,172.05,105.0
2020-03-31 00:20:00,172.95,173.0,172.5,172.95,294.0
2020-03-31 00:19:00,173.0,173.0,172.95,172.95,791.0
2020-03-31 00:18:00,172.95,173.0,172.95,173.0,700.0
2020-03-31 00:17:00,173.0,173.0,172.95,172.95,971.0
2020-03-31 00:16:00,172.9,173.0,172.85,172.9,790.0
2020-03-31 00:15:00,172.9,173.0,172.9,172.9,409.0
2020-03-31 00:14:00,172.35,172.9,172.35,172.9,96.0
2020-03-31 00:13:00,173.5,173.9,172.35,172.35,1177.0
2020-03-31 00:12:00,173.15,173.9,173.1,173.5,428.0
2020-03-31 00:11:00,172.9,173.9,172.9,173.0,382.0
2020-03-31 00:10:00,172.5338,174.2607,172.4466,172.9339,773.0
2020-03-31 00:09:00,172.5,172.5,172.3,172.35,63.0
2020-03-31 00:08:00,172.5,172.9,172.1,172.9,189.0
2020-03-31 00:07:00,171.95,172.0,171.85,172.0,240.0
2020-03-31 00:06:00,172.45,172.45,172.0,172.0,218.0
2020-03-31 00:05:00,170.0,172.9,170.0,170.0,1395.0
2020-03-31 00:04:00,174.4284,179.3397,170.9174,176.2287,5814.0
2020-03-31 00:03:00,174.0,175.0,173.2,175.0,663.0
2020-03-31 00:02:00,176.4,177.0,173.9,173.9,881.0
2020-03-31 00:01:00,176.85,176.85,176.05,176.15,78.0
2020-03-31 00:00:00,175.91,177.06,175.21,175.91,266.0
2020-03-30 23:59:00,176.95,177.0,175.65,175.75,302.0
2020-03-30 23:58:00,177.0,177.0,176.0,176.95,936.0
2020-03-30 23:57:00,177.45,178.0,177.0,177.0,2970.0
2020-03-30 23:56:00,179.3,179.3,178.0,178.0,245.0
2020-03-30 23:55:00,180.0,180.0,178.45,178.75,194.0
2020-03-30 23:54:00,178.5,179.9,178.3,179.25,346.0
2020-03-30 23:53:00,179.0,179.0,178.3,178.3,199.0
2020-03-30 23:52:00,179.8,180.0,179.45,179.45,159.0
2020-03-30 23:51:00,180.95,181.0,179.8,179.85,491.0
2020-03-30 23:50:00,181.0,181.0,180.05,180.2,300.0
2020-03-30 23:49:00,181.05,182.0,180.0,180.5,918.0
2020-03-30 23:48:00,182.85,182.85,181.0,181.05,372.0
2020-03-30 23:47:00,180.05,182.9,180.05,181.1,1122.0
2020-03-30 23:46:00,181.5,181.5,180.0,181.5,130.0
2020-03-30 23:45:00,183.0,183.0,181.5,181.95,0.0
2020-03-30 05:59:00,175.05,175.05,175.05,175.05,960.0
2020-03-30 05:58:00,175.05,175.05,175.05,175.05,62.0
2020-03-30 05:57:00,175.05,175.05,175.05,175.05,121.0
2020-03-30 05:56:00,175.05,175.05,175.05,175.05,72.0
2020-03-30 05:55:00,175.05,175.05,175.05,175.05,203.0
2020-03-30 05:54:00,175.05,175.05,175.05,175.05,47.0
2020-03-30 05:53:00,175.05,175.05,175.05,175.05,218.0
2020-03-30 05:52:00,175.05,175.05,175.05,175.05,646.0
2020-03-30 05:51:00,175.05,175.05,175.05,175.05,124.0
2020-03-30 05:50:00,175.05,175.05,175.05,175.05,202.0
2020-03-30 05:49:00,175.05,175.05,175.05,175.05,85.0
2020-03-30 05:48:00,175.05,175.05,175.05,175.05,147.0
2020-03-30 05:47:00,175.05,175.05,175.05,175.05,255.0
2020-03-30 05:46:00,175.05,175.05,175.05,175.05,153.0
2020-03-30 05:45:00,175.05,175.05,175.05,175.05,472.0
2020-03-30 05:44:00,175.05,175.05,175.05,175.05,696.0
2020-03-30 05:43:00,175.05,175.05,175.05,175.05,1223.0
2020-03-30 05:42:00,175.05,175.05,175.05,175.05,252.0
2020-03-30 05:41:00,175.05,175.05,175.05,175.05,216.0
2020-03-30 05:40:00,178.25,179.5,175.05,175.05,11571.0
2020-03-30 05:39:00,178.9,179.7,178.15,179.5,128.0
2020-03-30 05:38:00,178.3,178.9,178.05,178.15,477.0
2020-03-30 05:37:00,178.25,178.3,178.05,178.05,151.0
2020-03-30 05:36:00,178.45,178.45,178.25,178.25,177.0
2020-03-30 05:35:00,178.9,178.9,178.1,178.1,1229.0
2020-03-30 05:34:00,179.35,179.75,178.5,178.9,215.0
2020-03-30 05:33:00,179.7,179.7,179.0,179.0,158.0
2020-03-30 05:32:00,178.5,179.8,178.5,178.55,243.0
2020-03-30 05:31:00,179.65,179.65,178.5,179.1,126.0
2020-03-30 05:30:00,179.65,179.65,178.5,178.5,198.0
2020-03-30 05:29:00,179.9,179.9,178.5,178.5,68.0
2020-03-30 05:28:00,179.9,179.9,179.5,179.5,96.0
2020-03-30 05:27:00,180.0,180.0,179.9,179.95,100.0
2020-03-30 05:26:00,180.0,180.0,179.9,179.9,117.0
2020-03-30 05:25:00,179.1,179.95,179.1,179.95,156.0
2020-03-30 05:24:00,179.1,180.0,179.1,180.0,73.0
2020-03-30 05:23:00,178.8,179.0,178.0,179.0,432.0
2020-03-30 05:22:00,179.0,179.0,178.55,178.8,80.0
2020-03-30 05:21:00,179.1,179.95,178.55,179.0,117.0
2020-03-30 05:20:00,179.5,179.95,179.05,179.95,51.0
2020-03-30 05:19:00,179.75,179.75,179.05,179.5,52.0
2020-03-30 05:18:00,179.5,179.75,179.5,179.75,48.0
2020-03-30 05:17:00,179.6,179.95,179.6,179.8,130.0
2020-03-30 05:16:00,179.6,180.2,179.6,179.6,34.0
2020-03-30 05:15:00,180.8,180.8,179.6,179.6,60.0
2020-03-30 05:14:00,179.9,180.8,179.9,180.8,63.0
2020-03-30 05:13:00,179.6,179.6,179.6,179.6,60.0
2020-03-30 05:12:00,180.85,180.85,179.6,179.6,34.0
2020-03-30 05:11:00,180.9,180.9,180.0,180.9,85.0
2020-03-30 05:10:00,180.6,180.9,179.6,180.9,11.0
2020-03-30 05:09:00,180.2,180.2,180.2,180.2,69.0
2020-03-30 05:08:00,180.0,181.0,180.0,180.9,736.0
2020-03-30 05:07:00,180.6,181.3,179.95,179.95,3735.0
2020-03-30 05:06:00,182.0,182.0,180.6,180.6,35.0
2020-03-30 05:05:00,182.0,182.0,181.5,182.0,134.0
2020-03-30 05:04:00,181.55,182.0,181.5,182.0,0.0
2020-03-30 05:03:00,181.5,181.5,181.5,181.5,332.0
2020-03-30 05:02:00,181.6,181.6,181.5,181.5,202.0
2020-03-30 05:01:00,181.7,181.7,181.5,181.6,45.0
2020-03-30 05:00:00,181.5,181.7,181.5,181.7,94.0
2020-03-30 04:59:00,181.85,181.85,181.5,181.7,65.0
2020-03-30 04:58:00,181.9,181.9,181.5,181.5,68.0
2020-03-30 04:57:00,181.7,181.95,181.5,181.9,186.0
2020-03-30 04:56:00,180.85,181.7,180.85,181.7,277.0
2020-03-30 04:55:00,180.55,180.55,180.5,180.5,74.0
2020-03-30 04:54:00,180.6,180.6,180.5,180.55,40.0
2020-03-30 04:53:00,180.5,180.5,180.5,180.5,61.0
2020-03-30 04:52:00,181.3,181.3,180.5,180.5,35.0
2020-03-30 04:51:00,181.75,181.75,180.5,181.45,32.0
2020-03-30 04:50:00,180.9,181.75,180.5,181.75,106.0
2020-03-30 04:49:00,180.65,180.75,180.5,180.75,76.0
2020-03-30 04:48:00,180.75,180.75,180.5,180.65,124.0
2020-03-30 04:47:00,180.5,180.75,180.5,180.75,277.0
2020-03-30 04:46:00,180.9,180.9,180.5,180.5,0.0
2020-03-30 04:45:00,180.55,181.0,180.5,180.5,589.0
2020-03-30 04:44:00,181.45,181.45,180.55,181.4,44.0
2020-03-30 04:43:00,180.55,181.5,180.5,181.45,33.0
2020-03-30 04:42:00,180.55,181.6,180.55,181.6,79.0
2020-03-30 04:41:00,180.55,180.55,180.55,180.55,4.0
2020-03-30 04:40:00,180.5,180.5,180.5,180.5,77.0
2020-03-30 04:39:00,180.5,180.7,180.5,180.7,102.0
2020-03-30 04:38:00,180.5,180.5,180.45,180.5,45.0
2020-03-30 04:37:00,180.55,180.7,180.45,180.45,22.0
2020-03-30 04:36:00,180.8,180.8,180.5,180.5,142.0
2020-03-30 04:35:00,181.05,181.05,180.55,180.8,40.0
2020-03-30 04:34:00,181.05,181.05,180.5,181.05,34.0
2020-03-30 04:33:00,181.75,181.75,181.35,181.55,33.0
2020-03-30 04:32:00,182.35,182.35,181.3,181.75,51.0
2020-03-30 04:31:00,182.2,182.5,181.15,182.35,77.0
2020-03-30 04:30:00,181.5,182.0,181.5,182.0,526.0
2020-03-30 04:29:00,181.45,181.45,180.5,181.4,150.0
2020-03-30 04:28:00,180.25,181.45,180.25,181.45,45.0
2020-03-30 04:27:00,180.5,180.5,180.25,180.25,229.0
2020-03-30 04:26:00,180.75,180.75,180.25,180.5,150.0
2020-03-30 04:25:00,180.75,180.75,180.5,180.5,28.0
2020-03-30 04:24:00,181.9,181.9,180.75,181.5,89.0
2020-03-30 04:23:00,182.0,182.0,180.6,181.9,50.0
2020-03-30 04:22:00,181.5,182.0,181.4,181.95,1425.0
2020-03-30 04:21:00,181.15,181.5,180.5,181.45,864.0
2020-03-30 04:20:00,180.05,181.0,179.05,181.0,88.0
2020-03-30 04:19:00,180.15,180.15,180.0,180.05,32.0
2020-03-30 04:18:00,180.25,180.25,180.15,180.2,74.0
2020-03-30 04:17:00,180.2,180.25,180.2,180.25,81.0
2020-03-30 04:16:00,181.15,181.15,180.0,180.2,43.0
2020-03-30 04:15:00,180.25,181.15,180.25,181.15,36.0
2020-03-30 04:14:00,181.1,181.15,180.25,181.15,28.0
2020-03-30 04:13:00,180.25,180.25,180.25,180.25,34.0
2020-03-30 04:12:00,181.15,181.15,180.25,180.25,55.0
2020-03-30 04:11:00,181.3,181.3,180.25,181.15,42.0
2020-03-30 04:10:00,180.95,181.3,180.2,181.3,44.0
2020-03-30 04:09:00,180.95,180.95,180.15,180.95,42.0
2020-03-30 04:08:00,180.15,180.95,180.15,180.95,157.0
2020-03-30 04:07:00,180.3,180.3,180.15,180.15,7.0
2020-03-30 04:06:00,180.95,180.95,180.3,180.3,49.0
2020-03-30 04:05:00,180.95,180.95,180.25,180.95,82.0
2020-03-30 04:04:00,180.3,181.3,180.3,180.95,39.0
2020-03-30 04:03:00,180.2,181.3,180.2,181.3,49.0
2020-03-30 04:02:00,181.45,181.45,180.15,181.4,34.0
2020-03-30 04:01:00,181.55,181.55,180.15,181.5,37.0
2020-03-30 04:00:00,181.6,181.6,180.05,180.1,35.0
2020-03-30 03:59:00,180.5,181.75,180.5,181.75,700.0
2020-03-30 03:58:00,178.9,180.5,178.5,180.5,2290.0
2020-03-30 03:57:00,179.0,179.0,178.8,178.8,39.0
2020-03-30 03:56:00,178.85,178.85,178.55,178.85,37.0
2020-03-30 03:55:00,178.5,178.5,178.5,178.5,47.0
2020-03-30 03:54:00,179.8,179.8,178.6,179.8,11.0
2020-03-30 03:53:00,178.5,178.5,178.5,178.5,61.0
2020-03-30 03:52:00,179.5,179.5,178.5,178.5,44.0
2020-03-30 03:51:00,179.0,179.5,179.0,179.0,119.0
2020-03-30 03:50:00,179.0,179.0,179.0,179.0,60.0
2020-03-30 03:49:00,180.0,180.0,179.0,179.0,51.0
2020-03-30 03:48:00,180.0,180.0,179.5,180.0,19.0
2020-03-30 03:47:00,180.0,180.0,179.5,180.0,192.0
2020-03-30 03:46:00,180.0,180.0,179.5,180.0,65.0
2020-03-30 03:45:00,180.0,180.0,179.95,180.0,62.0
2020-03-30 03:44:00,180.0,180.0,179.9,180.0,85.0
2020-03-30 03:43:00,180.0,180.0,179.9,180.0,55.0
2020-03-30 03:42:00,180.0,180.0,179.75,180.0,37.0
2020-03-30 03:41:00,180.0,180.0,179.9,180.0,109.0
2020-03-30 03:40:00,179.5,180.0,179.5,180.0,304.0
2020-03-30 03:39:00,179.5,180.0,179.5,180.0,0.0
2020-03-30 03:38:00,180.05,180.05,180.0,180.0,2774.0
2020-03-30 03:37:00,180.0,180.05,180.0,180.05,159.0
2020-03-30 03:36:00,180.05,180.05,180.0,180.0,181.0
2020-03-30 03:35:00,180.05,180.05,180.0,180.05,688.0
2020-03-30 03:34:00,180.0,180.05,180.0,180.05,62.0
2020-03-30 03:33:00,180.05,180.05,180.0,180.05,70.0
2020-03-30 03:32:00,180.0,180.05,180.0,180.05,47.0
2020-03-30 03:31:00,180.05,180.05,180.0,180.05,0.0
2020-03-30 03:30:00,180.05,180.05,180.0,180.0,218.0
2020-03-30 03:29:00,180.0,180.05,180.0,180.05,278.0
2020-03-30 03:28:00,180.05,180.05,180.0,180.0,66.0
2020-03-30 03:27:00,180.05,180.05,180.0,180.05,27.0
2020-03-30 03:26:00,180.05,180.05,180.0,180.0,76.0
2020-03-30 03:25:00,180.05,180.05,180.0,180.05,28.0
2020-03-30 03:24:00,180.05,180.05,180.0,180.05,51.0
2020-03-30 03:23:00,180.0,180.05,180.0,180.05,247.0
2020-03-30 03:22:00,180.05,180.05,180.0,180.0,63.0
2020-03-30 03:21:00,180.0,180.05,180.0,180.05,22.0
2020-03-30 03:20:00,180.05,180.05,180.0,180.0,94.0
2020-03-30 03:19:00,180.05,180.05,180.0,180.05,198.0
2020-03-30 03:18:00,180.05,180.05,180.05,180.05,84.0
2020-03-30 03:17:00,180.05,180.05,180.05,180.05,75.0
2020-03-30 03:16:00,180.0,180.05,180.0,180.05,506.0
2020-03-30 03:15:00,180.05,180.4,180.05,180.4,44.0
2020-03-30 03:14:00,180.5,180.75,180.5,180.75,879.0
2020-03-30 03:13:00,180.0,180.0,179.9,180.0,162.0
2020-03-30 03:12:00,179.9,180.0,179.9,180.0,107.0
2020-03-30 03:11:00,179.95,179.95,179.95,179.95,68.0
2020-03-30 03:10:00,179.95,179.95,179.95,179.95,29.0
2020-03-30 03:09:00,179.95,179.95,179.95,179.95,108.0
2020-03-30 03:08:00,180.0,180.0,179.9,179.9,0.0
2020-03-30 03:07:00,180.0,180.0,179.9,180.0,235.0
2020-03-30 03:06:00,180.0,180.0,179.75,179.95,118.0
2020-03-30 03:05:00,180.0,180.0,179.9,180.0,75.0
2020-03-30 03:04:00,180.0,180.0,179.9,180.0,65.0
2020-03-30 03:03:00,180.0,180.0,179.9,180.0,73.0
2020-03-30 03:02:00,180.0,180.0,179.9,180.0,60.0
2020-03-30 03:01:00,180.0,180.0,180.0,180.0,123.0
2020-03-30 03:00:00,180.0,180.0,180.0,180.0,78.0
2020-03-30 02:59:00,179.05,180.0,179.05,180.0,103.0
2020-03-30 02:58:00,180.0,180.0,180.0,180.0,40.0
2020-03-30 02:57:00,180.0,180.0,179.9,180.0,128.0
2020-03-30 02:56:00,180.0,180.0,179.9,180.0,201.0
2020-03-30 02:55:00,180.0,180.0,179.9,180.0,98.0
2020-03-30 02:54:00,179.9,180.0,179.9,180.0,83.0
2020-03-30 02:53:00,180.0,180.0,180.0,180.0,172.0
2020-03-30 02:52:00,180.0,180.0,180.0,180.0,521.0
2020-03-30 02:51:00,180.0,180.0,179.95,180.0,237.0
2020-03-30 02:50:00,180.0,180.0,179.9,180.0,72.0
2020-03-30 02:49:00,180.0,180.0,179.9,180.0,102.0
2020-03-30 02:48:00,180.0,180.0,179.9,180.0,116.0
2020-03-30 02:47:00,180.0,180.0,179.9,180.0,78.0
2020-03-30 02:46:00,180.0,180.0,180.0,180.0,77.0
2020-03-30 02:45:00,179.8,180.0,179.8,180.0,77.0
2020-03-30 02:44:00,180.0,180.0,179.9,180.0,408.0
2020-03-30 02:43:00,180.0,180.0,179.2,180.0,127.0
2020-03-30 02:42:00,180.0,180.0,179.95,180.0,189.0
2020-03-30 02:41:00,180.0,180.0,179.9,180.0,75.0
2020-03-30 02:40:00,180.0,180.0,179.6,180.0,177.0
2020-03-30 02:39:00,180.0,180.0,179.9,180.0,70.0
2020-03-30 02:38:00,180.0,180.0,179.95,180.0,40.0
2020-03-30 02:37:00,180.0,180.0,179.95,180.0,668.0
2020-03-30 02:36:00,180.0,180.0,179.95,180.0,45.0
2020-03-30 02:35:00,179.9,179.95,179.9,179.95,39.0
2020-03-30 02:34:00,180.0,180.0,179.9,179.95,51.0
2020-03-30 02:33:00,180.0,180.0,179.9,180.0,98.0
2020-03-30 02:32:00,179.95,180.0,179.9,180.0,167.0
2020-03-30 02:31:00,180.0,180.0,179.9,179.95,35.0
2020-03-30 02:30:00,180.0,180.0,179.9,180.0,206.0
2020-03-30 02:29:00,181.05,181.05,180.0,180.0,781.0
2020-03-30 02:28:00,181.05,181.35,181.0,181.05,57.0
2020-03-30 02:27:00,181.75,181.75,181.7,181.7,406.0
2020-03-30 02:26:00,181.7,181.75,181.05,181.75,312.0
2020-03-30 02:25:00,181.7,181.7,181.05,181.7,55.0
2020-03-30 02:24:00,181.7,181.7,180.65,181.7,42.0
2020-03-30 02:23:00,181.0,181.7,180.6,181.7,273.0
2020-03-30 02:22:00,181.75,181.75,180.65,181.2,218.0
2020-03-30 02:21:00,181.3,181.75,180.55,181.75,1129.0
2020-03-30 02:20:00,181.35,181.35,180.55,181.3,57.0
2020-03-30 02:19:00,181.35,181.35,180.2,181.3,272.0
2020-03-30 02:18:00,180.4,181.35,180.4,181.35,29.0
2020-03-30 02:17:00,181.35,181.35,180.4,180.4,61.0
2020-03-30 02:16:00,181.35,181.35,180.4,181.35,52.0
2020-03-30 02:15:00,181.0,181.4,180.7,181.35,97.0
2020-03-30 02:14:00,181.0,181.4,181.0,181.4,605.0
2020-03-30 02:13:00,181.05,181.05,181.0,181.0,45.0
2020-03-30 02:12:00,181.0,181.0,181.0,181.0,31.0
2020-03-30 02:11:00,181.35,181.35,181.0,181.0,84.0
2020-03-30 02:10:00,181.4,181.4,181.0,181.4,48.0
2020-03-30 02:09:00,180.15,181.4,180.15,181.4,317.0
2020-03-30 02:08:00,180.15,180.15,180.0,180.15,31.0
2020-03-30 02:07:00,180.25,180.4,180.05,180.15,93.0
2020-03-30 02:06:00,180.1,180.4,180.1,180.4,11.0
2020-03-30 02:05:00,180.65,180.7,180.05,180.05,67.0
2020-03-30 02:04:00,181.0,181.0,180.1,180.75,130.0
2020-03-30 02:03:00,181.4,181.4,181.0,181.0,64.0
2020-03-30 02:02:00,181.1,181.7,180.15,181.5,187.0
2020-03-30 02:01:00,180.2,181.0,180.1,181.0,107.0
2020-03-30 02:00:00,180.1,180.2,180.1,180.1,57.0
2020-03-30 01:59:00,180.6,180.6,180.05,180.05,79.0
2020-03-30 01:58:00,180.7,180.7,180.6,180.6,67.0
2020-03-30 01:57:00,180.7,180.7,180.5,180.7,158.0
2020-03-30 01:56:00,181.0,181.0,180.5,180.75,48.0
2020-03-30 01:55:00,181.0,181.0,180.35,181.0,68.0
2020-03-30 01:54:00,181.05,181.05,180.3,181.0,47.0
2020-03-30 01:53:00,181.05,181.05,180.3,180.3,90.0
2020-03-30 01:52:00,180.5,181.0,180.35,181.0,36.0
2020-03-30 01:51:00,180.7,180.7,180.5,180.5,34.0
2020-03-30 01:50:00,180.7,180.7,180.7,180.7,57.0
2020-03-30 01:49:00,181.1,181.1,180.7,180.7,66.0
2020-03-30 01:48:00,180.75,181.1,180.75,181.1,127.0
2020-03-30 01:47:00,181.55,181.55,180.6,181.1,52.0
2020-03-30 01:46:00,181.6,181.6,180.55,181.55,130.0
2020-03-30 01:45:00,181.7,181.7,180.35,181.65,167.0
2020-03-30 01:44:00,181.7,181.7,180.35,181.05,48.0
2020-03-30 01:43:00,181.6,181.7,181.0,181.7,196.0
2020-03-30 01:42:00,181.6,181.6,181.6,181.6,57.0
2020-03-30 01:41:00,181.8,181.8,181.7,181.7,99.0
2020-03-30 01:40:00,181.8,181.95,181.8,181.8,153.0
2020-03-30 01:39:00,181.9,181.95,181.8,181.95,403.0
2020-03-30 01:38:00,181.8,181.85,181.8,181.85,11.0
2020-03-30 01:37:00,181.8,181.8,181.8,181.8,0.0
2020-03-30 01:36:00,181.95,181.95,181.8,181.8,362.0
2020-03-30 01:35:00,181.95,181.95,181.9,181.95,294.0
2020-03-30 01:34:00,181.95,181.95,181.9,181.95,51.0
2020-03-30 01:33:00,181.95,181.95,181.9,181.95,29.0
2020-03-30 01:32:00,182.0,182.0,181.9,182.0,306.0
2020-03-30 01:31:00,181.85,182.0,181.85,182.0,295.0
2020-03-30 01:30:00,181.6,181.85,181.6,181.85,169.0
2020-03-30 01:29:00,181.6856,183.13,181.467,181.6356,49.0
2020-03-30 01:28:00,180.85,181.85,180.05,180.2,136.0
2020-03-30 01:27:00,180.65,180.85,180.65,180.65,50.0
2020-03-30 01:26:00,181.5,181.5,180.65,181.05,61.0
2020-03-30 01:25:00,181.0,181.5,181.0,181.5,27.0
2020-03-30 01:24:00,181.85,181.85,180.5,180.5,68.0
2020-03-30 01:23:00,182.0588,183.7709,181.8019,181.9087,280.0
2020-03-30 01:22:00,181.1,182.0,181.1,182.0,1133.0
2020-03-30 01:21:00,181.95,181.95,179.5,179.5,4601.0
2020-03-30 01:20:00,182.0,182.0,181.15,181.95,134.0
2020-03-30 01:19:00,182.0,182.25,181.05,182.25,279.0
2020-03-30 01:18:00,182.25,182.35,181.65,182.0,199.0
2020-03-30 01:17:00,181.55,182.35,181.05,182.3,136.0
2020-03-30 01:16:00,182.4,182.4,181.55,181.55,81.0
2020-03-30 01:15:00,182.0,182.4,181.05,181.55,312.0
2020-03-30 01:14:00,182.4,182.4,180.7,181.0,199.0
2020-03-30 01:13:00,180.75,182.4,180.75,182.4,345.0
2020-03-30 01:12:00,180.75,180.75,180.7,180.75,82.0
2020-03-30 01:11:00,180.6,180.75,180.55,180.75,76.0
2020-03-30 01:10:00,180.8,180.8,180.3,180.8,61.0
2020-03-30 01:09:00,180.9,180.9,180.2,180.8,199.0
2020-03-30 01:08:00,181.2,181.2,180.4,180.9,68.0
2020-03-30 01:07:00,181.25,181.25,180.4,181.2,38.0
2020-03-30 01:06:00,182.0,182.0,181.0,181.0,212.0
2020-03-30 01:05:00,181.15,182.4,181.15,182.4,1074.0
2020-03-30 01:04:00,180.95,181.9,180.05,181.9,414.0
2020-03-30 01:03:00,179.8,180.95,179.8,180.95,317.0
2020-03-30 01:02:00,179.9,179.9,179.0,179.85,29.0
2020-03-30 01:01:00,179.2,179.95,179.2,179.9,249.0
2020-03-30 01:00:00,179.81,179.92,178.77,179.51,37.0
2020-03-30 00:59:00,179.95,179.95,179.7,179.8,188.0
2020-03-30 00:58:00,179.0,179.9,179.0,179.9,533.0
2020-03-30 00:57:00,178.95,179.0,178.5,179.0,81.0
2020-03-30 00:56:00,178.1,179.0,178.1,178.95,1067.0
2020-03-30 00:55:00,178.95,178.95,178.05,178.05,56.0
2020-03-30 00:54:00,178.25,178.95,178.05,178.95,114.0
2020-03-30 00:53:00,178.95,178.95,178.0,178.25,134.0
2020-03-30 00:52:00,178.45,178.95,178.05,178.95,87.0
2020-03-30 00:51:00,178.8,178.8,178.05,178.45,54.0
2020-03-30 00:50:00,178.8,178.8,178.05,178.8,264.0
2020-03-30 00:49:00,178.45,178.45,178.0,178.45,95.0
2020-03-30 00:48:00,178.8,178.8,178.1,178.45,37.0
2020-03-30 00:47:00,178.4,178.8,178.1,178.8,233.0
2020-03-30 00:46:00,178.5,178.5,178.0,178.4,96.0
2020-03-30 00:45:00,178.7,178.95,178.0,178.5,229.0
2020-03-30 00:44:00,177.6,178.8,177.6,178.7,238.0
2020-03-30 00:43:00,177.7,178.8,177.3,178.8,145.0
2020-03-30 00:42:00,177.9,177.9,177.5,177.7,182.0
2020-03-30 00:41:00,176.3,179.0,176.3,177.9,640.0
2020-03-30 00:40:00,178.4642,180.6629,177.1304,178.0141,3297.0
2020-03-30 00:39:00,179.0,179.0,178.4,178.4,355.0
2020-03-30 00:38:00,180.0,180.0,179.0,179.0,1765.0
2020-03-30 00:37:00,180.0,180.0,179.95,180.0,337.0
2020-03-30 00:36:00,179.9,180.0,179.9,180.0,556.0
2020-03-30 00:35:00,180.0,180.0,179.9,179.95,590.0
2020-03-30 00:34:00,180.0,180.0,179.9,180.0,861.0
2020-03-30 00:33:00,182.5,182.5,180.0,180.0,2864.0
2020-03-30 00:32:00,180.6,182.5,180.45,182.5,126.0
2020-03-30 00:31:00,182.75,182.75,180.15,180.6,210.0
2020-03-30 00:30:00,181.9,181.9,181.0,181.9,82.0
2020-03-30 00:29:00,181.3477,184.3189,180.9869,181.9478,1101.0
2020-03-30 00:28:00,181.0,181.35,181.0,181.3,300.0
2020-03-30 00:27:00,182.5,182.5,181.0,181.0,83.0
2020-03-30 00:26:00,181.0,182.5,180.6,182.5,358.0
2020-03-30 00:25:00,180.8,181.0,180.5,181.0,656.0
2020-03-30 00:24:00,181.25,181.25,180.6,180.8,188.0
2020-03-30 00:23:00,181.45,181.45,181.0,181.25,42.0
2020-03-30 00:22:00,182.6,182.6,181.15,181.15,37.0
2020-03-30 00:21:00,181.6,182.6,180.65,182.6,204.0
2020-03-30 00:20:00,181.4,182.7,180.5,181.6,206.0
2020-03-30 00:19:00,183.0,183.0,180.5,181.4,486.0
2020-03-30 00:18:00,182.85,183.0,181.9,183.0,1140.0
2020-03-30 00:17:00,181.0,184.5,181.0,182.95,3396.0
2020-03-30 00:16:00,183.0,183.5,181.0,182.0,130.0
2020-03-30 00:15:00,182.0588,185.3864,181.9533,183.5593,1046.0
2020-03-30 00:14:00,183.5,183.5,182.0,182.0,227.0
2020-03-30 00:13:00,183.0,185.0,183.0,184.0,3799.0
2020-03-30 00:12:00,182.9682,185.2194,181.8885,183.0683,1396.0
2020-03-30 00:11:00,179.95,183.5,179.95,180.15,4748.0
2020-03-30 00:10:00,179.95,179.95,179.5,179.5,395.0
2020-03-30 00:09:00,179.7,179.95,179.0,179.95,633.0
2020-03-30 00:08:00,180.5,180.5,179.35,179.85,261.0
2020-03-30 00:07:00,178.05,180.5,178.05,180.5,674.0
2020-03-30 00:06:00,178.6,180.45,178.6,179.95,3123.0
2020-03-30 00:05:00,176.5,178.6,176.5,178.6,348.0
2020-03-30 00:04:00,176.45,176.5,175.9,176.5,427.0
2020-03-30 00:03:00,176.5,176.5,175.9,176.0,404.0
2020-03-30 00:02:00,177.4,179.8,175.05,175.05,3314.0
2020-03-30 00:01:00,175.05,177.4,175.05,177.4,851.0
2020-03-30 00:00:00,177.2,181.9,175.05,175.05,2357.0
2020-03-29 23:59:00,178.0,182.9,177.0,177.0,8560.0
2020-03-29 23:58:00,180.7584,182.4582,180.2873,180.5083,166.0
2020-03-29 23:57:00,181.0295,182.5675,179.8945,181.0295,845.0
2020-03-29 23:56:00,182.3,182.3,180.0,180.1,1593.0
2020-03-29 23:55:00,183.95,183.95,182.3,182.3,209.0
2020-03-29 23:54:00,183.65,184.0,183.65,183.85,432.0
2020-03-29 23:53:00,184.75,184.75,183.65,183.65,94.0
2020-03-29 23:52:00,183.65,185.95,182.3,185.0,309.0
2020-03-29 23:51:00,183.6,186.7,182.3,184.6,490.0
2020-03-29 23:50:00,183.25,183.6,182.65,183.5,648.0
2020-03-29 23:49:00,183.6593,185.3864,179.328,183.4592,574.0
2020-03-29 23:48:00,182.8,186.9,180.0,180.0,1400.0
2020-03-29 23:47:00,183.7,185.0,182.55,182.8,691.0
2020-03-29 23:46:00,185.75,185.75,184.2,184.2,273.0
2020-03-29 23:45:00,189.7372,191.4953,183.9867,189.037,0.0
2020-03-27 05:59:00,199.0324,201.0259,196.1339,198.4823,1054.0
2020-03-27 05:58:00,198.0,199.3,196.5,199.3,3665.0
2020-03-27 05:57:00,195.95,198.0,195.95,198.0,1024.0
2020-03-27 05:56:00,195.95,196.0,195.9,195.95,442.0
2020-03-27 05:55:00,195.9,196.0,195.9,196.0,421.0
2020-03-27 05:54:00,194.3,195.9,194.3,195.85,572.0
2020-03-27 05:53:00,194.0,194.75,193.0,194.05,536.0
2020-03-27 05:52:00,195.2,195.2,194.0,194.0,538.0
2020-03-27 05:51:00,196.25,196.45,195.0,195.0,996.0
2020-03-27 05:50:00,196.2,196.8,195.75,196.25,508.0
2020-03-27 05:49:00,196.0,196.8,195.6,196.8,647.0
2020-03-27 05:48:00,195.5,195.5,195.25,195.3,934.0
2020-03-27 05:47:00,195.2,196.0,195.2,196.0,1940.0
2020-03-27 05:46:00,195.1,195.25,195.1,195.2,474.0
2020-03-27 05:45:00,195.0,195.5,194.95,195.1,785.0
2020-03-27 05:44:00,193.9,195.0,193.8,195.0,992.0
2020-03-27 05:43:00,193.0,195.0,193.0,194.1,1184.0
2020-03-27 05:42:00,193.0,193.4,192.45,193.0,1513.0
2020-03-27 05:41:00,193.0,193.0,192.0,193.0,593.0
2020-03-27 05:40:00,193.0,193.0,191.95,193.0,918.0
2020-03-27 05:39:00,193.0,193.0,191.6,192.1,987.0
2020-03-27 05:38:00,191.5,192.45,191.25,192.45,670.0
2020-03-27 05:37:00,190.85,191.5,190.5,191.5,527.0
2020-03-27 05:36:00,189.8,190.85,189.6,190.5,641.0
2020-03-27 05:35:00,190.1,190.1,189.55,189.8,211.0
2020-03-27 05:34:00,189.5,190.35,189.45,190.1,381.0
2020-03-27 05:33:00,190.5,190.5,189.1,189.35,272.0
2020-03-27 05:32:00,190.05,190.9,190.05,190.45,294.0
2020-03-27 05:31:00,188.3,190.9,187.7,190.9,845.0
2020-03-27 05:30:00,188.3,188.9,188.3,188.35,103.0
2020-03-27 05:29:00,190.75,190.75,186.55,187.65,339.0
2020-03-27 05:28:00,190.75,191.0,190.75,190.75,694.0
2020-03-27 05:27:00,190.65,190.75,190.65,190.75,36.0
2020-03-27 05:26:00,189.8,191.0,189.8,190.35,371.0
2020-03-27 05:25:00,188.0,189.65,188.0,189.6,190.0
2020-03-27 05:24:00,187.95,187.95,187.75,187.75,45.0
2020-03-27 05:23:00,187.85,188.0,187.05,187.05,90.0
2020-03-27 05:22:00,187.85,187.85,187.8,187.85,107.0
2020-03-27 05:21:00,187.65,187.85,187.65,187.8,453.0
2020-03-27 05:20:00,185.35,187.7,185.35,187.65,864.0
2020-03-27 05:19:00,189.05,189.05,187.55,187.55,48.0
2020-03-27 05:18:00,189.4,189.4,189.05,189.05,146.0
2020-03-27 05:17:00,189.2,189.6,189.05,189.25,53.0
2020-03-27 05:16:00,189.7,189.75,188.85,189.65,104.0
2020-03-27 05:15:00,189.7,189.7,189.65,189.7,90.0
2020-03-27 05:14:00,189.65,189.7,189.65,189.7,238.0
2020-03-27 05:13:00,189.6309,191.3428,189.1237,189.7309,490.0
2020-03-27 05:12:00,191.669,193.38,189.2419,190.2685,1048.0
2020-03-27 05:11:00,192.05,192.2,191.55,191.6,194.0
2020-03-27 05:10:00,192.0,192.05,191.65,192.0,862.0
2020-03-27 05:09:00,192.0,192.15,192.0,192.05,73.0
2020-03-27 05:08:00,191.4,192.5,191.35,192.5,1331.0
2020-03-27 05:07:00,192.0,192.0,191.15,191.5,52.0
2020-03-27 05:06:00,192.55,192.55,192.0,192.0,176.0
2020-03-27 05:05:00,192.55,192.65,192.55,192.55,65.0
2020-03-27 05:04:00,193.7,193.75,192.2,192.7,207.0
2020-03-27 05:03:00,191.95,193.9,191.95,193.7,325.0
2020-03-27 05:02:00,191.85,194.0,191.5,191.95,352.0
2020-03-27 05:01:00,192.8,192.8,191.15,191.15,143.0
2020-03-27 05:00:00,192.5,193.95,192.5,193.85,444.0
2020-03-27 04:59:00,192.4,193.75,192.0,192.5,209.0
2020-03-27 04:58:00,191.2,193.05,191.15,192.4,198.0
2020-03-27 04:57:00,191.05,191.5,191.05,191.25,188.0
2020-03-27 04:56:00,192.9,192.9,191.0,191.05,362.0
2020-03-27 04:55:00,193.85,193.9,193.0,193.0,477.0
2020-03-27 04:54:00,193.0,193.9,193.0,193.85,533.0
2020-03-27 04:53:00,193.0,193.05,193.0,193.05,227.0
2020-03-27 04:52:00,192.45,193.85,192.45,193.05,485.0
2020-03-27 04:51:00,191.55,192.7,191.55,192.45,1241.0
2020-03-27 04:50:00,191.1,192.5,191.1,191.6,406.0
2020-03-27 04:49:00,189.7,191.65,189.65,191.15,324.0
2020-03-27 04:48:00,188.6,189.5,188.6,189.5,2880.0
2020-03-27 04:47:00,188.6,188.65,188.5,188.65,70.0
2020-03-27 04:46:00,188.55,188.65,188.5,188.65,86.0
2020-03-27 04:45:00,188.55,188.65,188.5,188.55,388.0
2020-03-27 04:44:00,188.5,188.6,188.5,188.55,68.0
2020-03-27 04:43:00,189.0,189.0,188.5,188.5,51.0
2020-03-27 04:42:00,189.0,189.0,188.95,188.95,72.0
2020-03-27 04:41:00,189.0,189.0,188.95,188.95,58.0
2020-03-27 04:40:00,189.0,189.0,188.95,189.0,159.0
2020-03-27 04:39:00,188.95,189.0,188.95,189.0,0.0
2020-03-27 04:38:00,189.0,189.0,188.95,189.0,212.0
2020-03-27 04:37:00,189.0,189.0,188.95,189.0,86.0
2020-03-27 04:36:00,189.0,189.0,188.95,188.95,52.0
2020-03-27 04:35:00,189.0,189.0,188.95,189.0,280.0
2020-03-27 04:34:00,188.95,189.0,188.95,189.0,44.0
2020-03-27 04:33:00,189.0,189.0,188.95,188.95,114.0
2020-03-27 04:32:00,189.0,189.0,188.95,189.0,107.0
2020-03-27 04:31:00,189.0,189.0,188.95,189.0,142.0
2020-03-27 04:30:00,188.95,189.0,188.95,188.95,733.0
2020-03-27 04:29:00,189.0,189.0,188.95,188.95,253.0
2020-03-27 04:28:00,189.0,189.0,188.95,188.95,133.0
2020-03-27 04:27:00,189.0,189.0,188.95,189.0,123.0
2020-03-27 04:26:00,189.0,189.0,188.95,189.0,465.0
2020-03-27 04:25:00,188.95,189.0,188.95,189.0,187.0
2020-03-27 04:24:00,189.0,189.0,188.95,189.0,198.0
2020-03-27 04:23:00,189.0,189.0,188.95,189.0,273.0
2020-03-27 04:22:00,189.0,189.0,188.95,189.0,185.0
2020-03-27 04:21:00,189.0,189.0,188.95,188.95,226.0
2020-03-27 04:20:00,189.0,189.0,188.95,189.0,306.0
2020-03-27 04:19:00,189.0,189.0,188.9,189.0,930.0
2020-03-27 04:18:00,188.95,189.0,188.95,188.95,144.0
2020-03-27 04:17:00,188.95,189.0,188.95,188.95,196.0
2020-03-27 04:16:00,189.0,189.0,188.95,189.0,270.0
2020-03-27 04:15:00,188.8,189.0,188.8,189.0,423.0
2020-03-27 04:14:00,188.6,188.65,188.55,188.65,181.0
2020-03-27 04:13:00,188.6,188.65,188.55,188.6,124.0
2020-03-27 04:12:00,188.65,188.7,188.55,188.6,145.0
2020-03-27 04:11:00,188.65,188.7,188.5,188.7,187.0
2020-03-27 04:10:00,188.5,188.7,188.45,188.7,184.0
2020-03-27 04:09:00,188.75,188.75,188.45,188.6,39.0
2020-03-27 04:08:00,188.85,188.9,188.15,188.45,281.0
2020-03-27 04:07:00,188.5,188.95,188.25,188.85,318.0
2020-03-27 04:06:00,189.0,189.0,187.75,188.25,362.0
2020-03-27 04:05:00,187.95,189.0,187.95,189.0,2002.0
2020-03-27 04:04:00,185.95,187.95,184.9,187.95,5038.0
2020-03-27 04:03:00,186.1,186.15,185.6,185.95,134.0
2020-03-27 04:02:00,186.1,186.2,186.0,186.2,153.0
2020-03-27 04:01:00,186.2,186.75,185.6,186.15,41.0
2020-03-27 04:00:00,186.95,186.95,185.6,185.6,75.0
2020-03-27 03:59:00,185.3,187.0,185.15,186.95,393.0
2020-03-27 03:58:00,185.3,185.35,185.15,185.3,44.0
2020-03-27 03:57:00,185.2,185.3,185.15,185.3,277.0
2020-03-27 03:56:00,185.3,185.3,185.15,185.2,141.0
2020-03-27 03:55:00,185.25,185.4,185.15,185.2,65.0
2020-03-27 03:54:00,185.45,185.5,185.15,185.15,119.0
2020-03-27 03:53:00,185.45,185.5,185.15,185.5,39.0
2020-03-27 03:52:00,185.15,185.6,185.15,185.15,35.0
2020-03-27 03:51:00,185.9,185.95,185.15,185.15,36.0
2020-03-27 03:50:00,186.05,186.05,185.15,185.2,26.0
2020-03-27 03:49:00,186.95,187.0,186.05,186.05,46.0
2020-03-27 03:48:00,186.55,187.0,186.15,187.0,79.0
2020-03-27 03:47:00,187.0,187.0,186.05,187.0,234.0
2020-03-27 03:46:00,185.45,186.95,185.45,186.05,146.0
2020-03-27 03:45:00,186.7,186.8,185.3,185.3,169.0
2020-03-27 03:44:00,186.0,186.9,185.25,186.6,203.0
2020-03-27 03:43:00,186.3,187.0,185.15,185.25,89.0
2020-03-27 03:42:00,186.8304,188.6194,186.7534,187.0305,112.0
2020-03-27 03:41:00,185.35,186.85,185.35,186.85,500.0
2020-03-27 03:40:00,185.4,185.6,185.35,185.35,56.0
2020-03-27 03:39:00,185.6,185.6,185.1,185.6,108.0
2020-03-27 03:38:00,185.5,185.6,185.4,185.6,215.0
2020-03-27 03:37:00,186.9,187.0,185.0,185.5,149.0
2020-03-27 03:36:00,187.3251,189.0439,186.7723,186.9249,790.0
2020-03-27 03:35:00,187.4,187.4,187.2,187.2,17.0
2020-03-27 03:34:00,187.35,187.4,187.2,187.4,93.0
2020-03-27 03:33:00,187.35,187.4,187.2,187.35,28.0
2020-03-27 03:32:00,187.35,187.35,187.25,187.25,33.0
2020-03-27 03:31:00,187.35,187.4,187.2,187.35,66.0
2020-03-27 03:30:00,187.4,187.4,187.2,187.35,43.0
2020-03-27 03:29:00,187.3,187.4,187.05,187.35,245.0
2020-03-27 03:28:00,187.5,187.55,187.1,187.3,208.0
2020-03-27 03:27:00,187.9,187.9,187.4,187.5,42.0
2020-03-27 03:26:00,187.9,188.0,187.4,187.4,225.0
2020-03-27 03:25:00,187.9,187.95,187.75,187.75,37.0
2020-03-27 03:24:00,188.0,188.0,187.55,187.9,6.0
2020-03-27 03:23:00,189.0,189.0,187.5,188.0,417.0
2020-03-27 03:22:00,188.95,189.0,188.8,189.0,82.0
2020-03-27 03:21:00,188.95,189.0,188.9,188.9,99.0
2020-03-27 03:20:00,189.25,189.25,188.9,189.0,2170.0
2020-03-27 03:19:00,189.3,189.3,189.0,189.0,57.0
2020-03-27 03:18:00,189.1,189.3,189.0,189.3,64.0
2020-03-27 03:17:00,189.3,189.3,189.0,189.0,69.0
2020-03-27 03:16:00,189.05,189.25,189.0,189.25,212.0
2020-03-27 03:15:00,189.0,189.05,189.0,189.0,575.0
2020-03-27 03:14:00,189.05,189.1,189.0,189.0,85.0
2020-03-27 03:13:00,189.15,189.15,189.0,189.0,154.0
2020-03-27 03:12:00,189.8,189.95,189.0,189.15,90.0
2020-03-27 03:11:00,189.95,190.15,189.0,189.0,208.0
2020-03-27 03:10:00,189.2,189.8,189.0,189.4,213.0
2020-03-27 03:09:00,190.0,190.05,189.0,189.0,38.0
2020-03-27 03:08:00,190.0,190.15,190.0,190.0,53.0
2020-03-27 03:07:00,190.5,191.9,190.0,190.0,4.0
2020-03-27 03:06:00,190.3,190.75,190.25,190.5,203.0
2020-03-27 03:05:00,191.3,192.0,190.15,190.25,197.0
2020-03-27 03:04:00,189.0,191.4,188.95,191.4,805.0
2020-03-27 03:03:00,188.9,189.0,188.85,189.0,104.0
2020-03-27 03:02:00,190.2,190.35,189.0,189.0,148.0
2020-03-27 03:01:00,191.2,191.2,189.05,190.3,144.0
2020-03-27 03:00:00,193.76,194.93,189.07,191.21,270.0
2020-03-27 02:59:00,190.1373,195.2748,189.6307,193.788,3581.0
2020-03-27 02:58:00,192.25,192.3,190.1,190.1,809.0
2020-03-27 02:57:00,191.15,192.3,191.1,191.2,102.0
2020-03-27 02:56:00,192.05,192.05,191.1,191.1,54.0
2020-03-27 02:55:00,192.25,192.4,192.05,192.05,68.0
2020-03-27 02:54:00,193.35,193.4,192.05,192.25,389.0
2020-03-27 02:53:00,193.05,193.45,193.0,193.2,107.0
2020-03-27 02:52:00,192.75,194.65,192.75,193.05,327.0
2020-03-27 02:51:00,192.75,192.8,192.7,192.7,391.0
2020-03-27 02:50:00,193.2,193.4,192.8,192.8,391.0
2020-03-27 02:49:00,193.85,193.85,193.2,193.2,220.0
2020-03-27 02:48:00,193.35,193.35,193.1,193.15,49.0
2020-03-27 02:47:00,193.05,194.85,193.05,193.25,85.0
2020-03-27 02:46:00,192.8,194.9,192.8,193.65,241.0
2020-03-27 02:45:00,194.0,194.2,193.25,193.25,130.0
2020-03-27 02:44:00,194.65,194.65,194.35,194.35,776.0
2020-03-27 02:43:00,194.35,195.0,194.35,194.45,48.0
2020-03-27 02:42:00,194.35,195.85,194.35,194.4,96.0
2020-03-27 02:41:00,195.6,195.95,194.0,195.95,141.0
2020-03-27 02:40:00,194.3,195.85,194.0,195.85,127.0
2020-03-27 02:39:00,195.0,196.0,194.9,194.9,8127.0
2020-03-27 02:38:00,196.35,196.35,194.7,195.0,3916.0
2020-03-27 02:37:00,195.8,196.0,194.5,196.0,1796.0
2020-03-27 02:36:00,194.4,195.95,194.4,195.1,499.0
2020-03-27 02:35:00,193.3,194.25,193.3,194.25,365.0
2020-03-27 02:34:00,193.0,193.9,192.5,193.8,3670.0
2020-03-27 02:33:00,193.0,195.0,192.8,194.2,2827.0
2020-03-27 02:32:00,193.0,194.5,192.8,193.0,867.0
2020-03-27 02:31:00,194.0,195.0,192.6,193.6,747.0
2020-03-27 02:30:00,193.0,194.45,192.1,192.15,262.0
2020-03-27 02:29:00,192.0,195.0,191.35,192.95,271.0
2020-03-27 02:28:00,192.9,192.95,191.35,191.35,343.0
2020-03-27 02:27:00,192.0,192.95,191.3,192.9,577.0
2020-03-27 02:26:00,192.9,192.95,192.0,192.0,552.0
2020-03-27 02:25:00,192.1,193.0,192.1,192.95,1314.0
2020-03-27 02:24:00,194.0,194.0,192.5,192.75,5176.0
2020-03-27 02:23:00,194.9,194.9,194.1,194.1,117.0
2020-03-27 02:22:00,194.7,194.8,194.7,194.75,91.0
2020-03-27 02:21:00,194.7,194.7,194.7,194.7,35.0
2020-03-27 02:20:00,194.55,195.45,194.5,194.7,47.0
2020-03-27 02:19:00,194.3,195.85,194.25,194.55,104.0
2020-03-27 02:18:00,194.05,194.3,194.0,194.25,539.0
2020-03-27 02:17:00,193.4,196.5,193.4,194.1,568.0
2020-03-27 02:16:00,194.1,194.2,193.4,193.65,906.0
2020-03-27 02:15:00,193.9,194.1,193.2,194.1,79.0
2020-03-27 02:14:00,194.25,194.25,193.9,194.1,149.0
2020-03-27 02:13:00,194.25,194.25,194.1,194.15,643.0
2020-03-27 02:12:00,194.05,194.25,193.5,194.1,561.0
2020-03-27 02:11:00,194.0,194.25,193.5,194.1,124.0
2020-03-27 02:10:00,194.25,194.25,194.05,194.25,274.0
2020-03-27 02:09:00,193.95,194.05,193.2,194.0,477.0
2020-03-27 02:08:00,193.95,194.1,193.9,194.05,214.0
2020-03-27 02:07:00,194.15,194.2,193.2,193.95,79.0
2020-03-27 02:06:00,194.35,194.4,193.9,194.15,1012.0
2020-03-27 02:05:00,194.7,194.7,193.9,193.9,377.0
2020-03-27 02:04:00,193.95,197.7,193.9,194.7,889.0
2020-03-27 02:03:00,193.9,194.0,193.9,193.9,337.0
2020-03-27 02:02:00,194.7,194.7,193.9,193.9,1518.0
2020-03-27 02:01:00,194.95,194.95,194.7,194.7,61.0
2020-03-27 02:00:00,194.55,195.5,194.5,194.95,2532.0
2020-03-27 01:59:00,194.95,197.9,194.65,195.0,1807.0
2020-03-27 01:58:00,194.5,195.5,194.5,194.55,2346.0
2020-03-27 01:57:00,195.05,195.05,194.5,194.5,34.0
2020-03-27 01:56:00,194.9,195.1,194.1,194.5,1052.0
2020-03-27 01:55:00,195.5,195.5,194.1,194.5,232.0
2020-03-27 01:54:00,195.45,195.5,194.1,195.5,889.0
2020-03-27 01:53:00,195.35,195.35,194.9,195.05,464.0
2020-03-27 01:52:00,195.2,195.5,194.9,195.5,895.0
2020-03-27 01:51:00,198.5,199.15,194.8,195.15,485.0
2020-03-27 01:50:00,194.1,200.0,194.0,198.5,2166.0
2020-03-27 01:49:00,195.0,195.0,194.05,194.1,140.0
2020-03-27 01:48:00,195.0,195.0,193.9,195.0,527.0
2020-03-27 01:47:00,194.0,196.5,193.7,194.95,4589.0
2020-03-27 01:46:00,196.5,197.0,195.0,195.0,3392.0
2020-03-27 01:45:00,196.9,197.5,196.5,196.5,4847.0
2020-03-27 01:44:00,196.95,197.45,196.65,196.65,154.0
2020-03-27 01:43:00,196.65,196.95,196.5,196.85,833.0
2020-03-27 01:42:00,196.55,197.0,196.5,196.65,152.0
2020-03-27 01:41:00,196.55,197.35,196.55,197.0,35.0
2020-03-27 01:40:00,196.95,197.4,196.55,197.35,35.0
2020-03-27 01:39:00,196.6,197.4,196.5,197.4,146.0
2020-03-27 01:38:00,197.0,197.45,196.6,197.45,39.0
2020-03-27 01:37:00,197.5,197.5,196.6,197.45,262.0
2020-03-27 01:36:00,197.5,197.5,196.5,197.45,311.0
2020-03-27 01:35:00,197.45,197.5,197.45,197.45,309.0
2020-03-27 01:34:00,197.45,197.5,196.5,197.5,453.0
2020-03-27 01:33:00,197.0,197.5,196.5,197.5,347.0
2020-03-27 01:32:00,196.6,197.0,196.5,196.95,1305.0
2020-03-27 01:31:00,196.65,197.25,196.55,196.55,467.0
2020-03-27 01:30:00,196.55,197.5,196.5,197.3,234.0
2020-03-27 01:29:00,197.95,198.0,196.5,196.55,889.0
2020-03-27 01:28:00,196.5,198.3,196.5,198.0,677.0
2020-03-27 01:27:00,196.7,198.25,196.5,198.25,1586.0
2020-03-27 01:26:00,196.9,196.9,196.6,196.85,42.0
2020-03-27 01:25:00,196.95,197.1,196.55,196.9,159.0
2020-03-27 01:24:00,197.85,197.85,196.55,197.0,197.0
2020-03-27 01:23:00,196.55,198.45,196.5,197.0,119.0
2020-03-27 01:22:00,197.3,197.75,196.5,197.75,450.0
2020-03-27 01:21:00,198.35,198.35,197.1,197.1,91.0
2020-03-27 01:20:00,198.5,198.5,197.05,197.1,75.0
2020-03-27 01:19:00,199.45,200.0,196.9,197.05,1534.0
2020-03-27 01:18:00,197.25,199.5,196.5,199.5,7138.0
2020-03-27 01:17:00,197.3,198.0,196.5,197.25,104.0
2020-03-27 01:16:00,198.45,198.45,197.05,197.35,81.0
2020-03-27 01:15:00,197.4,198.65,197.05,198.45,147.0
2020-03-27 01:14:00,198.15,198.2,196.5,197.4,254.0
2020-03-27 01:13:00,199.75,199.75,196.5,198.15,153.0
2020-03-27 01:12:00,198.0,200.0,196.5,200.0,973.0
2020-03-27 01:11:00,197.5,197.5,194.6,195.0,230.0
2020-03-27 01:10:00,195.6,198.05,195.6,196.6,137.0
2020-03-27 01:09:00,195.55,195.6,195.4,195.6,40.0
2020-03-27 01:08:00,195.15,195.6,194.6,195.6,178.0
2020-03-27 01:07:00,195.15,196.0,195.15,196.0,152.0
2020-03-27 01:06:00,194.85,195.15,194.65,195.15,170.0
2020-03-27 01:05:00,195.5,195.5,194.6,194.65,36.0
2020-03-27 01:04:00,197.0518,198.9089,194.9207,195.6014,131.0
2020-03-27 01:03:00,196.7,197.45,196.0,197.0,62.0
2020-03-27 01:02:00,198.9,198.9,197.05,197.3,261.0
2020-03-27 01:01:00,199.45,199.5,198.0,198.05,85.0
2020-03-27 01:00:00,199.1,199.75,199.1,199.75,45.0
2020-03-27 00:59:00,199.95,200.0,199.1,199.8,96.0
2020-03-27 00:58:00,199.95,200.0,199.85,199.85,478.0
2020-03-27 00:57:00,200.5,200.5,199.95,200.0,220.0
2020-03-27 00:56:00,199.85,200.5,199.85,200.5,224.0
2020-03-27 00:55:00,198.1,200.5,198.05,199.95,632.0
2020-03-27 00:54:00,195.05,198.0,195.05,198.0,680.0
2020-03-27 00:53:00,195.0,195.4,193.4,195.1,589.0
2020-03-27 00:52:00,194.0,196.0,193.95,195.0,563.0
2020-03-27 00:51:00,195.0,195.0,193.05,194.0,417.0
2020-03-27 00:50:00,197.2,197.2,195.0,195.5,1176.0
2020-03-27 00:49:00,197.4,197.4,197.0,197.2,56.0
2020-03-27 00:48:00,197.45,197.5,197.0,197.0,243.0
2020-03-27 00:47:00,197.45,197.5,197.45,197.45,110.0
2020-03-27 00:46:00,198.5,199.45,197.0,197.45,419.0
2020-03-27 00:45:00,199.0,199.5,198.5,199.5,117.0
2020-03-27 00:44:00,199.5,199.5,199.0,199.5,133.0
2020-03-27 00:43:00,199.95,200.0,199.5,199.5,171.0
2020-03-27 00:42:00,199.95,200.0,199.7,199.7,328.0
2020-03-27 00:41:00,199.95,200.0,199.8,200.0,246.0
2020-03-27 00:40:00,200.05,200.1,200.0,200.0,484.0
2020-03-27 00:39:00,200.1,200.15,200.0,200.15,164.0
2020-03-27 00:38:00,200.1,200.15,200.0,200.1,193.0
2020-03-27 00:37:00,200.0,200.1,200.0,200.0,51.0
2020-03-27 00:36:00,200.0,200.05,200.0,200.0,179.0
2020-03-27 00:35:00,200.45,200.5,200.0,200.0,187.0
2020-03-27 00:34:00,200.5,200.5,200.45,200.45,187.0
2020-03-27 00:33:00,200.45,200.5,200.45,200.45,198.0
2020-03-27 00:32:00,200.25,200.5,200.0,200.45,1294.0
2020-03-27 00:31:00,200.5,200.5,200.0,200.45,496.0
2020-03-27 00:30:00,200.5,200.5,200.45,200.45,230.0
2020-03-27 00:29:00,200.5,200.5,200.4,200.4,277.0
2020-03-27 00:28:00,200.3,200.5,200.15,200.5,468.0
2020-03-27 00:27:00,200.15,201.0,200.15,200.35,154.0
2020-03-27 00:26:00,201.0,201.5,200.15,201.25,510.0
2020-03-27 00:25:00,201.85,201.85,201.0,201.5,300.0
2020-03-27 00:24:00,201.8,202.0,201.0,201.0,56.0
2020-03-27 00:23:00,202.0,202.15,201.8,202.15,304.0
2020-03-27 00:22:00,202.2,202.25,201.8,201.8,167.0
2020-03-27 00:21:00,202.0,202.25,202.0,202.0,521.0
2020-03-27 00:20:00,201.8,202.15,201.8,202.0,135.0
2020-03-27 00:19:00,202.0,202.0,201.8,202.0,249.0
2020-03-27 00:18:00,201.8,201.8,201.8,201.8,473.0
2020-03-27 00:17:00,203.5,203.9,201.95,201.95,847.0
2020-03-27 00:16:00,203.1,203.5,203.0,203.5,583.0
2020-03-27 00:15:00,203.0898,204.6984,201.6244,203.0398,1843.0
2020-03-27 00:14:00,203.0,203.1,202.75,203.0,1191.0
2020-03-27 00:13:00,202.45,203.0,202.45,203.0,731.0
2020-03-27 00:12:00,202.0,202.5,201.9,202.5,546.0
2020-03-27 00:11:00,202.25,202.25,201.95,202.0,287.0
2020-03-27 00:10:00,202.4,202.4,202.0,202.0,558.0
2020-03-27 00:09:00,202.3,202.95,202.0,202.75,288.0
2020-03-27 00:08:00,202.35,202.4,202.0,202.0,201.0
2020-03-27 00:07:00,202.25,202.35,202.0,202.35,79.0
2020-03-27 00:06:00,202.8397,204.396,201.7252,202.2896,238.0
2020-03-27 00:05:00,202.0,202.95,200.1,200.1,277.0
2020-03-27 00:04:00,203.85,203.85,202.0,202.0,223.0
2020-03-27 00:03:00,203.9,203.9,203.05,203.85,201.0
2020-03-27 00:02:00,203.0,203.9,203.0,203.9,1003.0
2020-03-27 00:01:00,201.0,202.2,201.0,202.2,2231.0
2020-03-27 00:00:00,201.25,201.25,200.0,200.05,668.0
2020-03-26 23:59:00,202.05,202.2,201.5,201.5,1401.0
2020-03-26 23:58:00,202.55,203.9,202.2,202.2,2441.0
2020-03-26 23:57:00,202.55,203.95,202.55,203.0,347.0
2020-03-26 23:56:00,204.95,204.95,202.55,204.0,413.0
2020-03-26 23:55:00,205.0,205.0,204.0,205.0,612.0
2020-03-26 23:54:00,207.85,207.85,204.0,205.0,1127.0
2020-03-26 23:53:00,205.15,208.0,205.15,205.5,201.0
2020-03-26 23:52:00,208.5872,210.5058,207.0731,208.4871,2295.0
2020-03-26 23:51:00,205.95,208.5,205.0,208.5,958.0
2020-03-26 23:50:00,207.0,207.15,205.0,205.95,467.0
2020-03-26 23:49:00,208.6778,210.5546,205.7096,208.0776,4391.0
2020-03-26 23:48:00,203.8,203.8,202.05,202.05,318.0
2020-03-26 23:47:00,204.0,205.0,202.55,202.55,262.0
2020-03-26 23:46:00,201.0,204.9,200.05,204.85,1377.0
2020-03-26 23:45:00,197.0,204.9,197.0,201.0,0.0
